,index,region,name,2007_count_gain,2008_count_gain,2009_count_gain,2010_count_gain,2015_count_gain,2016_count_gain,2017_count_gain,2018_count_gain,2019_count_gain,2020_count_gain,2007_area_gain,2008_area_gain,2009_area_gain,2010_area_gain,2015_area_gain,2016_area_gain,2017_area_gain,2018_area_gain,2019_area_gain,2020_area_gain,2007_count_loss,2008_count_loss,2009_count_loss,2010_count_loss,2015_count_loss,2016_count_loss,2017_count_loss,2018_count_loss,2019_count_loss,2020_count_loss,2007_area_loss,2008_area_loss,2009_area_loss,2010_area_loss,2015_area_loss,2016_area_loss,2017_area_loss,2018_area_loss,2019_area_loss,2020_area_loss
0,6,AGO,Angola,4024,6252,6466,6338,6684,6212,6912,6457,6757,6872,242.83378180299317,377.3121978356888,390.2403011664687,382.4937018398357,403.40030615686527,374.9339616261959,417.3161929724669,389.91217980920027,408.0874395911656,415.0160719434993,11518,16909,16408,16789,18264,22900,23375,27403,25970,27839,693.4139696007135,1018.227803501924,988.9286327418773,1012.2165906326334,1100.8437401191031,1378.7985773259775,1406.5443115208095,1648.143820143225,1562.1568565137075,1674.3456791340766
1,8,ATG,Antigua and Barbuda,155,447,567,890,751,805,893,1060,1138,1201,8.995709160165699,25.945025830287133,32.903677019233754,51.646436320087616,43.58173213425179,46.710877403440406,51.809322588766726,61.49449404205431,66.01707080654177,69.67043446860248,1366,1692,1649,1219,1004,720,632,649,795,1042,79.24478988235249,98.1657602609574,95.67184361790854,70.72337480872777,58.244956151873055,41.771401148467454,36.669977232674626,37.65786732072697,46.129917342818594,60.46646677715797
2,11,AUS,Australia,330218,490977,517036,478247,435225,415064,443729,472509,485525,474045,18844.774755992312,28074.96780292179,29560.55478936791,27257.027933342964,24745.5680288082,23607.96995099768,25253.177243666472,26908.965031510197,27646.425226389933,26972.589506459622,777702,1237934,1267304,1349727,1490862,1585741,1557129,1486632,1452035,1546119,45325.834260798016,72114.84795830831,73781.13648951649,78611.25907091064,86883.71658638548,92458.15818674877,90805.54502894207,86726.43596859156,84689.95671502028,90143.91059379696
3,14,BHS,Bahamas,5406,12332,19112,17963,14839,11837,14874,17211,21711,24474,300.3759960096014,683.8522146601648,1054.1646655126376,989.6062165696576,815.3443713955512,651.1988226765563,817.0960034566042,945.3265577352038,1192.942349400978,1346.02448356132,193591,338420,349907,435221,481349,476134,461064,454165,423059,370903,10776.357491497056,18770.498921961596,19392.308046418628,24079.91983554967,26655.231433321373,26368.723789077998,25567.20632894878,25177.9469102667,23462.003069141003,20563.99326560183
4,15,BHR,Bahrain,479,573,602,465,50,21,21,38,29,37,26.205569993371096,31.35585969050355,32.94468920745339,25.4455170033632,2.73724781664024,1.1492920480433624,1.1500676004213846,2.08214368528882,1.5891581039220302,2.0243741644152347,86,93,94,102,138,145,137,126,131,142,4.7187594242274775,5.10258530905277,5.157273522505403,5.593711828387397,7.563000654277674,7.947009881036651,7.507929523315102,6.90419884173752,7.178622646102438,7.783103039547198
5,16,BGD,Bangladesh,276020,324265,340820,363221,418477,452004,438389,477281,479210,505289,15577.562594042354,18301.268355760134,19236.01926399647,20502.250299275365,23625.643184265395,25520.44180277507,24752.954333797847,26946.969981216458,27058.223387944206,28530.511190723195,184927,244377,276850,304104,394836,418877,426421,419842,435876,441754,10444.350213380063,13801.793003898805,15633.673916003341,17170.88785302743,22290.429743653393,23646.833315652602,24072.599167650824,23701.649834799748,24604.96243748275,24933.17984940448
6,17,BRB,Barbados,9,18,15,20,10,4,3,4,9,20,0.5332800495039148,1.066552197718012,0.8887973274966652,1.1850580089360314,0.5925271331126108,0.23700761974861562,0.17775445412897883,0.23700517639486285,0.533261854978456,1.1850457404836983,0,4,4,0,4,8,10,11,7,2,0.0,0.23700299306394912,0.23700299306394912,0.0,0.23701338997725985,0.4740243366374024,0.5925287964117976,0.6517822218492878,0.4147686759856774,0.11850440772621332
7,20,BLZ,Belize,10181,15817,15361,13255,11681,11269,12733,17753,20282,19739,591.1291967192049,918.366280862377,892.0273995543147,769.8701109181271,678.558846153513,654.5460363358382,739.3813670109191,1031.3014675130037,1179.1374287767494,1147.6789932932759,37115,57622,63868,68495,72669,75442,72539,64995,61915,65220,2154.927580166705,3345.682668369652,3707.807246673478,3976.2662283008435,4218.607201536726,4379.861311931616,4211.569842562125,3772.8961270748905,3593.386559906999,3785.255768916113
8,21,BEN,Benin,1684,3552,5816,7490,8407,8764,8850,8544,8437,8819,101.74922382559383,214.61837252503395,351.4207282180748,452.5717152443699,507.9816062067549,529.5496012637657,534.745360033299,516.254476325533,509.7906927932786,532.8710594446086,12960,17190,16302,12349,9835,8132,8478,8314,8651,9872,783.0741417281624,1038.6534739215128,984.9894774898419,746.133176678082,594.2178311533323,491.3226244253044,512.2244495640396,502.33140822159226,522.698601958552,596.4859862947671
9,26,BRA,Brazil,379325,535299,565722,549473,653166,810793,981155,1092803,1169423,1176172,22912.59620435984,32306.435338978958,34103.568331285205,33120.366252368935,39437.46206041379,49041.33633355086,59384.61462898405,66170.7912437179,70811.43983361847,71210.52291015677,573364,800331,831751,891816,1087666,1159607,1175087,1239453,1323504,1342908,34627.68460943104,48297.43626927197,50204.94617425506,53843.24763848209,65728.12598240809,70110.8154631449,71050.19429049602,74944.00961508855,79942.31721964155,81109.8243016396
10,27,BRN,Brunei Darussalam,1625,2365,2811,2795,2911,2691,2721,3014,3931,4040,98.43078364756609,143.25554965479367,170.2716868167499,169.3028771209404,176.329770364759,163.0031721905585,164.820373017497,182.56877685016968,238.11514079163857,244.71735655294657,1342,2408,2229,2498,3416,3876,3836,3287,2844,3501,81.28880386477056,145.8592214126985,135.01545877479296,151.30974336252234,206.91958875910302,234.78484157677616,232.3622509580377,199.10689688842803,172.27030813454456,212.0664283305362
11,32,KHM,Cambodia,2763,5722,5470,5852,6215,7017,7659,8021,10219,13556,164.91394859416584,341.6009458647958,326.53289603821975,349.404250761174,371.11352630795824,419.0360214564264,457.3281291245287,478.90013734114024,610.0625571328256,809.438754882701,38778,55218,59517,62175,70144,71938,71106,68259,63994,56457,2315.5213689379543,3296.992216284908,3553.4641473278825,3711.9173334862226,4187.373707913685,4294.264520340972,4244.612418626086,4074.4560871238273,3819.7635615295285,3369.8333977122875
12,33,CMR,Cameroon,27544,37445,39707,44555,52727,51249,48917,49721,55222,56733,1669.7042981977393,2269.9732153719815,2407.1128103261817,2701.126945232065,3196.4921053124135,3106.929718603953,2965.510143014999,3014.1650503660176,3347.5346350120703,3439.2619774542995,12846,24395,26502,27961,28506,35720,39000,40152,37752,44642,778.8266480244639,1478.917771539634,1606.6110874108867,1695.0040404710712,1728.0246523068818,2165.298199063644,2364.1034722851746,2434.0290148127556,2288.553949872795,2706.0528409133003
13,38,CHN,China,38889,58636,53955,38621,29723,29838,33488,39223,47502,48623,2175.9902887460894,3286.5781510764764,3027.2055199727033,2168.395564925908,1679.3120684586916,1688.0127636918764,1895.36719139603,2220.325522160838,2691.2383340563574,2750.783172611608,84740,118419,125685,115193,96095,86948,88961,101245,110669,116501,4785.129483435671,6696.058166684398,7109.061817504171,6513.807817214501,5431.197817426525,4912.489493405218,5026.866433179527,5724.767211678956,6258.899776647659,6591.387896856517
14,40,COL,Colombia,74689,111732,116248,117796,121165,121356,126289,140747,146010,132493,4492.660999777377,6721.84787805253,6996.346390996492,7091.5193350901,7303.280356541668,7319.29536929133,7618.209284173303,8486.502569569908,8797.826498185892,7975.285490600529,256535,320633,308688,294427,318844,334837,340315,321886,300969,292783,15367.690308844123,19222.424786769752,18506.658755603814,17660.215311673513,19130.590422828467,20099.421899172434,20426.497201172093,19318.47498677943,18062.257217328224,17581.973381843134
15,41,COM,Comoros,23,42,47,32,15,13,20,42,39,12,1.366781314515785,2.495883483096904,2.7933264346419433,1.9020484268167162,0.8917783179797021,0.7729345823050637,1.1886772717752987,2.4960140148891328,2.317770236523205,0.7133876595751343,4,11,15,25,41,48,39,20,14,7,0.23765812423887994,0.6536341154794727,0.8913583013502694,1.4855845708766033,2.4366348741502053,2.8528597901011152,2.3182715474316087,1.1885228663461318,0.8320348206750218,0.4161272194249829
16,42,COG,Congo,378,516,581,533,429,399,430,522,656,709,22.917819186825845,31.285269764788016,35.22663026484912,32.317367033829896,26.012205677684914,24.19345781242142,26.073109093995313,31.65145405771426,39.776331537711734,42.99012180564,351,575,601,641,770,869,919,919,849,923,21.281733499048137,34.86209292508401,36.437989503195126,38.86084068333087,46.67954562394768,52.680703676355954,55.71235669797635,55.71396357304983,51.47204487619818,55.95731645252482
17,43,CRI,Costa Rica,19672,25920,28193,28944,29922,30448,30926,29231,27115,27731,1180.2059691039588,1554.964506354478,1691.3519542755432,1736.3719480815428,1795.0565362136485,1826.6387590978013,1855.3865743096032,1753.7324302302388,1626.8304105949667,1663.7554317898264,13051,19879,21476,23216,26707,27751,28141,30372,38012,46398,782.6918354976848,1192.0368205244017,1287.7498516508172,1392.0965189660399,1601.592681845838,1664.2157487044083,1687.6648807430568,1821.4720234105791,2279.3741890804854,2781.7052640603074
18,45,CUB,Cuba,85283,120785,128273,124722,110548,107718,113556,134679,154052,157968,4817.622618861537,6821.876038516388,7243.39549762977,7041.487653201142,6240.770512600304,6079.924633780297,6407.989452262632,7598.411858208787,8692.828616822984,8915.172208266544,433237,581929,587035,646542,799801,856260,840440,810324,816541,826998,24491.87290531549,32896.15564144666,33192.07197900383,36561.386139913615,45234.69782425763,48430.158224791034,47542.56283118672,45845.039977501765,46196.34933911034,46782.84598217621
19,48,CIV,CÃ´te d'Ivoire,2578,4312,4688,4440,3456,3035,3008,3254,3499,3682,156.11836703532305,261.12718310821845,283.8995319493091,268.8839868689415,209.29571189346854,183.79929941514845,182.16316486630484,197.0638235995416,211.90138636605062,222.98569968304645,2539,4188,4439,4863,8220,10270,11227,11286,11037,10953,153.7844955390672,253.6565741342856,268.84129856565073,294.51188624089775,497.80816084504494,621.9609965776866,679.9177051282072,683.4893247106912,668.4091464640604,663.3159414317183
20,50,COD,Democratic Republic of the Congo,3350,4511,4307,3506,3548,3759,4220,4713,6139,6342,202.55191709639539,272.7484900121302,260.4132239212561,211.9811714734359,214.52206229019885,227.28096547316605,255.1542298012816,284.9625590642278,371.1849327375994,383.45944575155136,3320,5995,5987,6908,7165,7801,7917,7864,8046,9022,200.7399166112816,362.4813851235209,361.99731449645515,417.68546438493223,433.22438916265696,471.6799068062391,478.69427468480455,475.489266305182,486.49338338212004,545.5052485169043
21,52,DJI,Djibouti,156,200,239,267,451,538,526,546,552,566,9.2866055803943,11.906366338860504,14.230838393501855,15.898706046634313,26.861648411132357,32.0451137921277,31.329615518536876,32.51952858418666,32.875255593408134,33.709054889307055,3356,4456,4721,4701,4157,3880,3929,3832,3743,3588,199.76662602177075,265.1900811633531,280.93776414886946,279.72774955168643,247.31802765630383,230.80105116509074,233.69486541846962,227.91514598814513,222.61984686410975,213.39824420843826
22,53,DMA,Dominica,0,0,0,0,0,0,0,0,2,3,0.0,0.0,0.0,0.0,0.0,0.0,0.0,0.0,0.11721167861713104,0.17581751792569655,1,1,1,2,2,2,1,1,0,0,0.05860583930856552,0.05860583930856552,0.05860583930856552,0.11721167861713104,0.11721167861713104,0.11721167861713104,0.05860583930856552,0.05860583930856552,0.0,0.0
23,54,DOM,Dominican Republic,5785,6997,7437,7028,6675,6381,6237,6503,6654,6888,332.31090980538306,401.95087652220025,427.24537340433096,403.76602163695577,383.4749010547305,366.5984733846144,358.33401697398926,373.59238808058757,382.2541273033963,395.7008252087093,6471,10234,11386,15418,18746,20799,20481,19346,17920,17332,372.1872536795881,588.8061470447612,654.8802697055604,886.3409907766,1077.3911566504244,1195.3449360196546,1176.9556229018956,1111.7935323256006,1029.91950024795,996.1859401229556
24,55,ECU,Ecuador,57186,89279,87615,90179,104882,113364,112696,112093,124045,128602,3473.038611291282,5421.986424898252,5320.972873907419,5476.657499540196,6369.550690000499,6884.540462323978,6843.983005299165,6807.303497335979,7533.043262832918,7809.7533545208435,159086,242015,254129,262671,262141,267341,266285,261738,253366,256896,9659.707187198826,14695.297101629927,15430.841394803874,15949.35772383324,15917.054963461407,16233.01036481407,16168.998265139982,15892.956954073521,15384.383575739743,15598.702417417631
25,56,EGY,Egypt,21,33,32,30,31,25,29,30,30,25,1.143614622934588,1.7901952620338006,1.7356280346175288,1.628149045555574,1.6835503040308892,1.3611162556130356,1.5796234194606606,1.631660126604113,1.6325340759530138,1.3612308165867995,1796,2162,2165,2183,2252,2209,2177,2106,2057,1668,99.27076856501236,119.44709971077611,119.61926863886995,120.61637971083923,124.46612804958365,122.06127015687876,120.27578692146008,116.33919239223046,113.63346744153688,92.04676062310445
26,57,SLV,El Salvador,8767,14804,14886,12162,7050,5272,8156,8451,6949,7817,518.9623683712489,876.3264629250305,881.1721769154599,719.9291261737715,417.31661462315185,312.07141347873693,482.80156848729075,500.2701842059638,411.34626500962275,462.73244822611065,5134,8031,7846,7538,8420,8471,7963,8355,11452,15246,303.8771228029435,475.3612859292539,464.4164297401437,446.1869336948025,498.39525585305347,501.4236683745674,471.3488486556488,494.5564801265456,677.8777202277676,902.4128696002307
27,58,GNQ,Equatorial Guinea,1664,2891,3912,3871,3581,2978,2895,2376,2434,2842,101.12501356731741,175.69331568350395,237.7431057087431,235.251365024954,217.62731110121751,180.98122891635373,175.93689170955608,144.3947370967685,147.91911947754792,172.71467402074316,1018,2540,2136,1915,2221,3985,4734,4670,3720,3742,61.86476525605018,154.3569644855975,129.80471391184568,116.37364822972015,134.9682860045143,242.16584455931942,287.6828595163126,283.7933887804028,226.05897760597685,227.39343924955992
28,59,ERI,Eritrea,1438,2141,2346,2573,2851,3085,3341,3477,3121,2722,84.49311139885742,125.74429432603695,137.75003761236266,151.06243520624733,167.49412190846792,181.292465234531,196.2702510987114,204.23714048863494,183.34282412351115,159.84561839310842,25818,36735,35706,36165,35498,36276,34469,34038,35719,36640,1518.3527109385354,2161.031166847478,2100.6442482981115,2127.9787066095646,2088.357006528981,2134.2555094248664,2027.9362256447257,2002.7910155132347,2101.197262264408,2155.109963991328
29,63,FJI,Fiji,6872,13777,17148,17313,20518,16172,16805,16850,22394,23777,399.92887622352646,801.4891185437137,997.9602884789474,1007.7061861661427,1194.3425682868024,941.0619988516395,976.8311466579082,979.0970006406488,1302.165568188974,1383.1383428277315,7844,12803,13674,13451,12562,12017,12204,13751,16476,19158,456.53875703229704,744.6711233992315,795.0949374703646,782.0976826583369,730.2810879749105,698.8478284165226,710.022100114472,800.1293105568128,958.2487545369191,1114.1001775437464
30,65,FRA,France,128427,159659,172991,177531,200992,216643,226115,229938,236724,255307,7745.680284512953,9612.346496027882,10413.338292304736,10689.583776243959,12116.035865849188,13068.028365390815,13641.134383854314,13858.82237254172,14239.122146310488,15342.213302412445,158072,181838,185382,184185,172803,169062,167753,167172,171313,178365,9501.310832036932,10907.874089413257,11107.306099848418,11037.636993889757,10355.843248996134,10142.87504530111,10066.77767361312,10040.86335431403,10298.731426288447,10716.940931621088
31,66,GAB,Gabon,14086,20196,22959,20872,17330,14310,15453,17194,20023,20353,856.1392189361196,1227.507061954861,1395.453720268443,1268.604570430779,1053.3021964857592,869.7425709270502,939.1930564961089,1045.027934916317,1216.980387670022,1237.0448067649193,19476,30890,29753,29550,31799,39075,38435,38097,39875,47322,1183.717766998945,1877.4523854693361,1808.3277170805497,1795.975422950967,1932.6712414659967,2374.907626727473,2336.0098937072817,2315.469039081072,2423.542767578677,2876.177997802389
32,67,GMB,Gambia,28467,37724,39474,39572,36918,37134,39245,42950,43307,42848,1684.3736548715615,2232.1128389772966,2335.6483926555134,2341.4371123894857,2184.426514187394,2197.2213427722954,2322.143906662098,2541.3641496900245,2562.4977347073045,2535.342497951441,14707,25918,25716,27693,34007,41263,39957,36727,35028,39885,870.3024594339483,1533.7159740842742,1521.7781033796896,1638.7638182524001,2012.2927495023503,2441.6271867507094,2364.402768095234,2173.3108738261017,2072.7073313884166,2360.0693253656505
33,71,GHA,Ghana,20313,41224,48448,55948,58909,58248,55823,53974,55560,59397,1228.582817557306,2493.326894766549,2930.2581802172026,3383.8552132062728,3562.918171060855,3522.9202327144108,3376.255213667656,3264.443134059331,3360.373549080238,3592.4231777947793,79119,93249,85218,67531,55805,53299,54683,58116,59248,63664,4785.213021239666,5639.8776078631545,5154.125555666058,4084.4156000077637,3375.257926835765,3223.7506847864875,3307.4520748285145,3515.068454670323,3583.5421171466214,3850.6646659964363
34,73,GRD,Grenada,44,95,95,100,79,70,57,72,93,120,2.613800115152857,5.644020569142678,5.643949485419052,5.941532831008035,4.694075327925042,4.159266937693337,3.3867418889693037,4.27898364690352,5.527170637289843,7.130974593270063,33,91,96,107,107,114,138,119,120,141,1.9609791209879834,5.406868499571934,5.703573598954511,6.3573342874433285,6.357286926167644,6.774091951488125,8.200003147568282,7.071074684025289,7.130376988015159,8.378316260087118
35,74,GTM,Guatemala,7388,11801,13440,11735,10451,10870,11493,12655,15427,17753,435.7555701225009,696.04497927937,792.7880259685844,692.164839060902,616.1210493266522,640.8152345809486,677.5977728978951,746.139554222812,909.5377720976514,1046.782669510016,17327,22226,20291,18255,17518,16544,14206,13683,16738,19060,1021.8507184718519,1310.748253610382,1196.5040933392618,1076.3302048369399,1032.794947975261,975.274736174642,837.3940621093167,806.779867356122,987.2357797076991,1124.2973940309619
36,75,GIN,Guinea,55030,74249,84922,77925,74159,68687,76326,82340,91160,97562,3294.3834523006,4445.484642349894,5085.30707910826,4665.533123089162,4439.504352252671,4111.201765459535,4569.079785324179,4929.1564281613355,5456.94031269717,5840.009070596915,60598,130021,122267,131837,145136,177908,182856,194588,225141,245234,3629.006880707312,7786.748119623117,7321.223729878207,7894.556633401983,8691.39553702899,10654.750128093041,10949.981026365778,11653.39572309245,13484.693397207793,14688.400915046364
37,76,GNB,Guinea-Bissau,112595,137351,135532,139242,141559,137129,138390,145379,148302,140646,6702.144421589452,8176.17375164243,8067.887514295339,8288.7827232188,8427.108620504965,8163.354144210945,8238.432430638477,8654.901408704516,8828.930495976707,8372.609665237507,100806,185462,209764,214484,208696,235161,257075,247109,229981,262670,6003.070802883581,11044.107448200702,12490.869257550163,12772.086495628671,12427.582554121775,14003.472353125628,15309.27841561472,14715.613978437888,13696.430032022907,15643.81441848732
38,77,GUY,Guyana,18750,22742,23953,25751,29902,35756,37309,37748,37927,41701,1130.2885944782734,1370.8216825610912,1443.6681432989044,1551.931377230929,1802.3810097105368,2155.5159304243903,2249.1653506701923,2275.521265515532,2286.4079425646605,2514.3496856138736,28274,35866,39135,42064,55712,59917,62923,68210,73090,80960,1704.9262556053868,2163.0213776925443,2360.290957904073,2536.8633419212383,3358.6544718672612,3611.911491227549,3793.1987025410745,4112.021287946953,4406.424646786808,4881.508573450827
39,78,HTI,Haiti,4049,4829,5044,5056,5131,5245,5364,6268,6973,7079,232.7930037392613,277.62316109698844,289.9929293544744,290.7098598505347,295.001678248179,301.5372458897763,308.3470827780507,360.3125234635031,400.84010949948527,406.9298625070149,22295,27062,27119,31358,37617,40997,40044,37008,35474,35929,1282.1582319911968,1556.1890943124527,1559.4853146753524,1803.5925586584144,2163.8466744503053,2358.2781879480785,2303.6976386675688,2129.267758294371,2041.3533882935462,2067.7211670488978
40,80,HND,Honduras,52519,74984,80142,72449,39796,29767,33666,36995,36637,37229,3105.3157795207976,4433.487183341807,4738.663121793064,4283.452218575117,2349.183048847734,1754.873754745752,1984.2308844551749,2178.931202135386,2157.2232426207643,2193.5606171932723,35351,50582,48293,45057,47366,48827,45340,45725,62788,78558,2083.859577178413,2980.968031585146,2844.639812681932,2652.573329853864,2788.3508667568644,2874.4921952369086,2669.6470008736947,2695.0191154011072,3705.7366437944625,4637.419988661934
41,83,IND,India,305096,372935,397417,407039,455998,508821,519515,538882,544637,528074,17348.54747779556,21220.513963292506,22597.684612936133,23142.924629299498,25903.375573875703,28952.677170891453,29542.935496054226,30681.24417616238,30997.181344544188,30043.29952848065,422726,556911,577107,607693,575332,587178,585485,588181,624934,705480,24280.7203118622,32040.249918295172,33232.65508854398,34957.21211395184,33060.50955088492,33711.15946421729,33594.361513838645,33713.46801182564,35805.77473110077,40410.686519145405
42,84,IDN,Indonesia,491899,703164,755455,784670,872244,939018,1004382,1097926,1154947,1152439,29803.76615563614,42604.52445789495,45772.787695672116,47540.25432769655,52843.50166022743,56879.19146080833,60838.198227015746,66506.38256007091,69958.36641925946,69800.82356955096,2540555,3581615,3842304,4044963,4523916,4825254,4993068,5083259,5092880,4878715,154078.6958083802,217215.05289246538,233031.3514836933,245335.49328075716,274408.3273352289,292700.7354459591,302887.6645938585,308365.39683519065,308949.0042779286,295929.4332923157
43,85,IRN,Iran (Islamic Republic of),4019,5848,6298,6475,8262,7791,7935,10563,13853,13369,218.60776076704553,318.07123718564395,342.4854752192127,352.05820871831236,449.1661353029931,423.63558543799684,431.62533518969485,574.766959309927,753.5071480975611,727.1054056295623,50417,75968,74605,72915,68507,77445,79673,79675,75600,86962,2745.68647013968,4135.8665803253425,4061.8610691256,3969.819932727185,3729.3679832136067,4214.967409447451,4335.563993541027,4335.353285798274,4114.123391858514,4732.393705142694
44,90,JAM,Jamaica,7899,9297,8844,6583,2779,1651,1312,1441,1760,2052,457.46334444663984,538.42070134964,512.21170485015,381.25381082098716,160.9147196279289,95.58557151893743,75.94457967119405,83.40844014643027,101.8741983267546,118.78366845191916,837,1855,2584,5372,12338,15142,15869,15421,15344,15584,48.4493698820289,107.4024293099431,149.57898466994408,311.06198128302987,714.5919249267127,877.0180541753215,919.1630429400292,893.2356834043239,888.7932739087663,902.6919674043047
45,92,JPN,Japan,263,453,517,503,442,386,318,339,490,595,14.451707119672148,24.924882258529976,28.480659425542786,27.726183415415274,24.389495297320558,21.309992455008004,17.52802147793411,18.69503988938266,27.052559679518005,32.845602747391666,409,728,842,908,923,987,987,789,660,731,22.481985843763823,40.06874358562404,46.37964434305554,50.02684055979095,50.80197519222633,54.26183679424357,54.265093151254014,43.31243853819337,36.18475358042137,40.13064349751806
46,95,KEN,Kenya,12587,20220,22702,22784,20905,19374,20240,24757,30125,32705,764.3516046575268,1227.8104060282658,1378.5372933074534,1383.459839461038,1269.401428198497,1176.4410865006553,1229.1070258882185,1503.2570486103725,1829.2094362289708,1985.938329407615,25940,39762,37106,35746,39726,44148,42873,39621,40974,45668,1574.5455363758902,2413.5910513377958,2252.247809113508,2169.9358273577436,2411.3598970066478,2679.7176901645335,2602.284625969429,2405.0787358873604,2487.3807974199494,2772.3852096222786
47,103,LBR,Liberia,7011,9724,10359,10645,10373,10235,10491,10419,10127,9708,423.8431127219508,587.8682748649717,626.2560736393109,643.5303508311356,627.0545450217408,618.6984737550914,634.1625766030793,629.8398095646177,612.2120197466429,586.9043432031874,4143,6764,6937,6899,7578,9386,9327,10554,12540,17362,250.4317908510358,408.9101157505447,419.3715034052127,417.0925450000803,458.18076258912913,567.554377689153,564.0078249831364,638.1932462457178,758.2271392510892,1049.7335028260181
48,108,MDG,Madagascar,67429,86458,91418,94746,107390,115821,125096,136299,145726,151700,3928.514216172455,5038.955102094795,5329.643937063297,5523.01097034352,6257.144394609898,6746.154254604978,7285.424720248849,7940.519768125508,8491.360027719125,8843.654771494777,151291,206467,211566,223852,241842,265000,270765,261910,254703,270283,8760.084091926386,11956.745824730859,12248.532092851568,12965.014209941946,14011.234739624413,15359.336355407555,15691.384163544588,15169.433942365848,14747.613921918339,15654.562195484135
49,110,MYS,Malaysia,94519,132426,142902,146611,156342,161071,170427,187839,207294,210058,5723.552129450202,8018.629268952262,8653.496250911201,8878.511092731127,9468.56399924661,9755.852341501375,10322.936281931698,11377.7137593043,12555.524571102684,12723.279619283558,134816,210677,212623,223136,279773,317656,324279,327137,338701,362883,8175.429065685084,12773.245047357492,12891.558563992145,13528.51340172038,16963.829307144475,19260.073722021047,19662.066744812837,19837.29133386356,20539.92716098886,22005.09311530424
50,115,MRT,Mauritania,383,494,498,489,701,672,640,598,763,1103,22.37329897946062,28.862718249808587,29.100489604222165,28.58122309236841,40.97475010606174,39.27516262017586,37.40649911307974,34.951180693244034,44.59885046476673,64.45605836399449,542,815,965,1151,967,1289,1397,1475,946,728,31.679759585202248,47.640147578097825,56.41247323307589,67.283396219167,56.526234186012715,75.34663795528672,81.65920081900077,86.19830138213334,55.25482909291536,42.51547616882496
51,116,MUS,Mauritius,163,198,197,202,238,233,222,234,292,326,9.311471995941421,11.310805642641535,11.253933626235568,11.53937965070187,13.59455122939855,13.30823674929966,12.68154032341869,13.367715116596239,16.679796868657462,18.621603541207673,2334,2741,2911,3043,3159,3198,3332,3289,3148,3069,133.30864550866295,156.55787894612192,166.2685515026379,173.81312246694654,180.44499664410833,182.67527435513864,190.3245270339585,187.86971279282562,179.81901295586334,175.30916184392422
52,117,MEX,Mexico,249380,384332,381135,357862,321795,323633,351440,407693,439132,462239,14100.531474727151,21701.09487189036,21511.088997124636,20181.670886516997,18114.9011567117,18195.29614359297,19764.35478756249,22925.30846909094,24688.157155487286,25983.58547252623,773003,1204164,1379193,1423650,1491723,1484532,1415575,1270663,1268333,1491066,43524.93170803413,67901.24627742605,77864.98344271546,80425.2460454428,84329.60600231287,83919.4544965072,80011.96996001323,71799.99790422985,71692.8203606466,84480.01342389252
53,118,FSM,Micronesia (Federated States of),252,272,246,79,18,18,18,18,310,324,15.16500163638655,16.36443261672157,14.798878412862727,4.742366659905819,1.0840544965470964,1.0840544965470964,1.0840544965470964,1.0840544965470964,18.70037764818158,19.545067984292974,5940,6316,6507,1517,339,339,339,339,5984,6506,357.95212941000074,380.4997661872992,392.06093483791904,91.06164517391869,20.421343285366408,20.421343285366408,20.421343285366408,20.421343285366408,361.0650072704539,392.5654754733217
54,124,MOZ,Mozambique,81276,120089,122235,124436,132126,140189,149288,169182,175235,160808,4679.799389560816,6917.247753160242,7041.210732620636,7166.592259912335,7607.641682703642,8070.2515480367165,8594.186617862373,9743.111377104702,10093.585868569315,9265.792593017133,130664,263845,301458,318302,329742,344174,342281,377809,437815,521364,7530.459109784869,15208.442949403918,17372.062012588754,18337.87376695582,18998.924294778695,19835.844410185735,19725.712210663627,21744.82774379661,25207.42003965997,30043.27709000611
55,125,MMR,Myanmar,197594,269265,293834,303895,324321,341772,370883,416024,429934,429193,11521.387109740077,15693.945973346594,17116.43369418877,17700.69085078322,18887.414243134386,19899.14846252685,21593.720751335328,24215.2140495476,25016.919943004825,24957.20450417257,776116,1002005,976740,1073561,1338277,1384483,1367624,1426178,1437094,1299988,44624.45159683374,57676.86932448399,56238.33325264548,61835.94167907033,77156.49179792401,79843.51331964883,78894.44169836676,82335.63603931191,83019.78703435582,75164.50860519057
56,129,NLD,Netherlands,5,7,8,9,10,10,13,11,10,10,0.2973396929315351,0.4162765441913901,0.4757439330776604,0.5351290110668944,0.5945967375448902,0.5945953385954413,0.7729950448272368,0.654060605082934,0.5945940365416595,0.5945940365416595,584,738,794,909,1001,1066,1039,1057,1078,1048,34.726313795777926,43.88343120923348,47.213700251371684,54.05279646842195,59.523854838433934,63.38922447205916,61.783660197893205,62.85367353327026,64.10246538686718,62.31877838401523
57,130,NZL,New Zealand,42391,51040,53831,55995,58070,60485,62181,63650,65580,65955,2085.538462482663,2510.8999082501273,2647.4162755099155,2753.2603321878673,2856.3836351229324,2977.2444058657593,3061.725383466941,3135.2132300831427,3229.541780007516,3245.3969265746264,22238,31164,30374,32243,34088,37794,39126,38988,43890,52719,1090.3281562847637,1531.4174118528413,1494.617641194192,1588.0702927255072,1677.6913262999176,1858.7807283175869,1924.4157606064541,1915.9432024771902,2159.056907842576,2596.786698733761
58,131,NIC,Nicaragua,47252,66298,72546,66176,40685,32082,36914,41025,42773,40341,2800.453724725854,3928.7325797828307,4298.749293033422,3921.275237385633,2409.711279307474,1899.427262949128,2185.391799662134,2427.649588686199,2531.2376457265614,2388.59954777666,33605,48037,44405,43245,45564,47261,47402,46437,61817,76069,1990.7175784098608,2844.9115314867245,2629.257825644568,2559.5721137513683,2695.6139112466594,2795.321528863513,2803.730423620143,2747.215187189376,3659.996286842919,4504.203078247483
59,133,NGA,Nigeria,126060,174397,177792,159451,154612,136804,149020,136069,153293,168331,7634.643963979975,10561.19368603401,10766.18674021247,9654.494775103914,9361.385697391623,8282.71843286793,9023.152870501131,8238.569283543671,9281.90699583895,10193.01183553031,241385,352943,366886,374180,414799,460134,463447,460908,466008,518048,14611.572518009809,21364.47365042938,22208.555120620535,22651.949296655446,25113.589507171582,27859.953732136073,28061.192003526678,27908.34914833809,28217.756701850925,31366.51730332791
60,136,OMN,Oman,148,241,303,335,288,256,180,135,160,211,8.505406924112393,13.87200201019734,17.489278500254056,19.34719980265573,16.602751331001674,14.718764134775343,10.294352553557513,7.682830703785846,9.106744783256378,12.042666782371317,660,975,940,910,861,886,951,918,861,779,37.24301885148142,54.86502709821377,52.831017514746755,51.14451987249662,48.576361779042685,50.062587935073935,53.84539137313749,52.10114460167215,48.95572005802364,44.293359193386536
61,137,PAK,Pakistan,37123,50611,48906,45958,49005,65636,78671,86370,76349,53415,2062.1733890797045,2811.086047973117,2715.4813442028626,2550.4046734634057,2718.158271378784,3641.7023326386175,4365.266407806069,4791.7061884237755,4234.848769756757,2961.5868552851043,187299,247104,260253,288999,310459,298046,266535,256630,310238,453961,10399.26836260243,13720.434532857536,14453.386595412303,16053.083381005272,17247.766498710153,16558.616671743457,14809.418581084163,14260.482245926583,17239.360939807077,25223.16288712249
62,138,PLW,Palau,1102,1752,1908,1776,1506,1393,1899,2148,1791,1609,66.42058580414653,105.60760776522704,115.02923130287519,107.0706403318355,90.79272978068587,83.97957154764347,114.48228184352644,129.49342746086208,107.97959310318795,97.01054074369894,428,912,1199,1014,729,558,402,591,960,1105,25.806092525334826,54.98482175978745,72.28516812213115,61.13423209753064,43.95248047975252,33.64511640131316,24.240182647551798,35.63395499630707,57.878648251879014,66.61799593431232
63,139,PAN,Panama,43524,57620,61646,62300,61213,61258,61673,60448,55800,51939,2618.132004405456,3465.9564968673126,3708.0352882224574,3747.3446429157943,3681.9954943676153,3684.8176159044847,3709.7906425773454,3636.0908627402073,3356.5399292647917,3124.404978418314,30677,47513,50015,55081,60590,66351,68166,73117,84504,101779,1845.9859789969491,2858.778279669564,3009.3780362811817,3314.074964613776,3645.3447889252056,3991.838895520667,4101.160559799244,4399.098674316222,5084.085470269408,6122.730530406737
64,140,PNG,Papua New Guinea,99247,130115,136266,136621,149262,155426,163086,172979,181544,183203,5980.891444021204,7840.919936820564,8211.388035677592,8232.48037205683,8993.532145119801,9364.403976388434,9826.144155135496,10423.64787746648,10939.960415500876,11039.686116835564,78995,120136,129716,147154,192656,219487,230279,242363,268067,293040,4755.071961197534,7232.0933229580505,7809.4319935557405,8859.708433302885,11598.298390400649,13212.920514466969,13862.09801361234,14589.395606606555,16136.976116631111,17640.594351482636
65,143,PER,Peru,4016,6409,7233,7549,8524,10380,11843,13154,13365,12545,243.65293763859026,388.8314554686636,438.8168201813603,458.00255132795064,517.167039944039,629.7680628175012,718.5123499965244,798.0331422585417,810.8437236800144,761.1259593779033,11810,16953,17188,16896,17901,19245,19061,17845,16976,16713,716.5155793059826,1028.5536900578247,1042.8210985655448,1025.1112429650263,1086.0997380552901,1167.6458173108801,1156.4790581221878,1082.7014741905716,1029.9765593300292,1014.0155253063798
66,144,PHL,Philippines,115759,171434,179281,180563,186249,195746,203213,230742,256572,265534,6910.933438020203,10233.95706266982,10702.017511325128,10779.478914647576,11120.443260971584,11688.020393256229,12134.289280039975,13777.165420407262,15314.198495545897,15848.226811246472,254573,395305,418572,432877,437045,448960,452721,439599,432800,444541,15218.357524461187,23625.19055584838,25017.98467373865,25867.123331311243,26107.481065400596,26815.09672620727,27040.355317637932,26255.08835818997,25849.89775596481,26554.48264891187
67,147,QAT,Qatar,161,314,228,208,177,311,389,740,841,837,8.83666122393748,17.237085306914878,12.523350196935182,11.428012419942316,9.715299325950035,17.084912042240237,21.337062308115378,40.64689297791573,46.19486155871822,45.98419321751703,77,145,164,180,244,243,262,252,261,259,4.230178902812066,7.9623011933734675,9.004081792021331,9.882987274108867,13.399101711507052,13.345575029651782,14.388091309050111,13.83939077420301,14.333464843952553,14.223699108583597
68,152,KNA,Saint Kitts and Nevis,35,75,69,70,49,34,27,25,43,51,2.033439217389623,4.357310449925859,4.008780369328169,4.066855987624815,2.8468470592772155,1.9753914251277829,1.5686605559497468,1.452460196323624,2.4984416227528543,2.96330481933804,15,37,39,50,58,58,64,48,36,35,0.8715485744712932,2.14981737329502,2.266059984388708,2.905141811720907,3.369894242885051,3.3699238258473816,3.718585288000802,2.788997887572761,2.0916601866970757,2.0335182143917994
69,153,LCA,Saint Lucia,17,23,19,18,19,15,7,14,23,24,1.0044368077853094,1.358942612509943,1.1226289264830138,1.063544161600378,1.1226003726438665,0.8861879476891087,0.4135190121367232,0.827072611476371,1.3588262033075993,1.4178810506724453,9,24,30,33,32,41,52,38,30,38,0.5316358879935763,1.41771874698104,1.7721545166848292,1.9494349559329436,1.89035411816947,2.422183701239104,3.072155389597553,2.2450865459489173,1.7724661530216572,2.2451723866200997
70,154,VCT,Saint Vincent and the Grenadines,8,13,24,23,22,14,12,17,27,39,0.47467009946648026,0.7711588592902354,1.423749573316915,1.364542894510845,1.3052522648642686,0.8303591353602264,0.7116345876784753,1.0083896110813533,1.601645786198013,2.31301744839507,24,27,28,32,30,35,35,34,30,32,1.4240195220742202,1.6020355989771362,1.661622873750677,1.8984808008322756,1.7798778808545026,2.0767349663210273,2.0764080300268404,2.0168328382493717,1.7794552832816788,1.8987010755332565
71,155,WSM,Samoa,96,159,191,170,168,144,130,84,119,143,5.6686876273283415,9.388807978087794,11.278161928298527,10.038578319024804,9.920640102587987,8.503502194423433,7.677037352401321,4.961390811077077,7.032241413998472,8.449773164922512,33,52,64,72,111,132,151,181,181,186,1.949616700539984,3.0721462169145988,3.7810272460805363,4.2535674928020715,6.557367547110122,7.797512412624393,8.919561403675168,10.689459869270824,10.689284896185656,10.985279579204173
72,158,SAU,Saudi Arabia,45904,59346,53376,29709,7904,6118,6651,6318,6833,7438,2496.7760228485095,3228.7251264239394,2906.4652043126084,1622.435147758377,438.8107078917266,341.3785351143322,370.86233632872586,353.2270378994958,382.39155317170497,416.15997033220236,19697,33143,34038,43449,54399,58300,57268,57540,58384,58156,1128.30405077178,1900.628112751471,1951.9122808139557,2490.3141563632007,3118.452406651656,3342.8019842435097,3283.3370707796075,3298.002469908717,3343.9019822959035,3327.5798503911387
73,160,SEN,Senegal,76363,92511,94195,90581,86247,83428,85399,88533,87678,86695,4517.3300745879005,5472.147176880025,5571.426927074657,5357.3947686510155,5100.230017949504,4933.269615868975,5049.950711017255,5235.3487947066305,5184.594118821525,5126.495244481771,31548,53596,57061,64627,70089,80882,82911,82018,74979,81391,1867.3506974760896,3172.09977522665,3376.5494151050584,3824.3299846734403,4148.354355218055,4787.386823506926,4907.389418823362,4854.463187208855,4437.727383379098,4817.361520475747
74,162,SYC,Seychelles,20,20,23,18,17,9,12,12,20,19,1.2117229267978828,1.2117229267978828,1.393468610233636,1.0905650163470466,1.0300129355871404,0.545312079249701,0.7270685862673364,0.7270344992112779,1.2117337877583196,1.1511502359244212,4,4,3,10,21,35,35,29,21,22,0.2423486538902096,0.2423486538902096,0.1817730160856421,0.6058906023138072,1.272348224110335,2.1207519161976625,2.120866673208653,1.7574229973454507,1.2725459871787894,1.3331367011448338
75,163,SLE,Sierra Leone,27221,37993,43314,40312,40104,38907,42979,41978,36482,32047,1638.4725609987038,2286.8271655618514,2606.628920267149,2426.076549438349,2413.531730102933,2341.657231003848,2586.4869774665476,2526.2541552696507,2195.5952241378486,1928.7204566352762,36088,80013,73521,77535,70522,79950,78615,95036,146114,185881,2172.2438675632948,4815.665406431467,4425.554779685675,4667.313650937518,4245.887513223417,4813.133104283481,4733.05238214463,5720.97226850794,8794.523781540205,11188.993683984923
76,164,SGP,Singapore,78,146,194,208,161,101,127,266,368,441,4.739921935853434,8.872139248405686,11.789008424117663,12.639810556669584,9.783769368285228,6.13763708022847,7.717646390665109,16.16449807514695,22.362884105782257,26.798898850861615,1189,1821,1701,1610,2005,2269,2473,2554,2714,2800,72.25409531934686,110.66025394845201,103.36792065347795,97.83754536729231,121.84040436478702,137.88312091310547,150.27995232029596,155.2020605230758,164.92481024771942,170.15097029920128
77,167,SLB,Solomon Islands,15261,24409,26805,25010,21926,19947,19568,23499,31711,33817,918.0525606944575,1468.3888502162486,1612.4617716933428,1504.3062126075558,1318.8187603626757,1199.7383872063463,1176.9212246047023,1413.4007907203966,1907.5293218962674,2034.2651764668046,11569,19303,20062,22185,26494,28534,31071,29766,32258,36569,695.6170021738648,1160.884639906342,1206.686909155824,1334.5298379384735,1593.8447533236686,1716.5168423927375,1869.2217203139144,1790.7901243751119,1940.5884055355084,2199.782559006091
78,168,SOM,Somalia,992,1457,1615,1686,1659,1723,1771,1845,1898,1965,59.363507963983295,87.2976648708445,96.76747642429216,101.00915974567812,99.43101170050471,103.26723551444357,106.19577461184933,110.57138322459447,113.72554304254788,117.70669141765025,2653,3768,3896,4125,4374,4439,4524,4592,5067,5556,158.89219855683794,225.84468802397993,233.40850494651266,247.07232137825295,262.0089891714838,266.0017036928772,271.10282644853913,275.16680348282716,303.80330707546455,333.3924194323106
79,169,ZAF,South Africa,4392,5217,5326,5653,6501,6553,6737,6960,7016,6771,233.25601877406226,276.7022841457122,282.4383280606465,299.819056375634,345.2653488395363,348.124195658012,358.1967675477831,370.227189668436,373.15628726475825,360.0135590200115,3168,4477,4654,4717,4816,5282,5237,5222,4960,5146,167.86463473282583,237.09691281879637,246.3674134985986,249.83451446573017,255.05233182492063,279.70727198757214,276.6664853421629,275.42854198651617,261.5039895833654,271.6559429298833
80,173,LKA,Sri Lanka,13686,20277,16560,16525,17359,18247,17756,16026,13822,16875,822.2705275539523,1219.050648279167,995.4585838807957,993.57682499796,1043.5543495914162,1097.0076070517564,1067.3279649549283,963.3754165352592,831.0823932187632,1014.9938689318461,63768,119473,141290,148387,135901,120767,114998,117037,132259,145678,3831.2802403448686,7178.082618726635,8489.473476189403,8916.422502693218,8166.69723270971,7256.347440452898,6909.265898464584,7032.088175201646,7949.567422201897,8757.13341222738
81,174,SDN,Sudan,153,222,223,234,238,246,251,251,250,243,8.779645918977927,12.744423691442085,12.804985874538703,13.441485352449662,13.676516378454055,14.139961492315432,14.429765108999701,14.434053455879596,14.38397967311581,13.982296820476227,9818,13343,14167,15532,17376,18285,17675,17745,18715,18974,562.4810531431305,764.1015909586902,810.8924782696788,888.4618753392407,994.0158715584225,1046.015994738414,1010.796199916546,1014.9136334796411,1070.6834567347119,1085.5466746033615
82,175,SUR,Suriname,101696,145483,157774,185852,232377,248673,244498,245311,251681,254917,6149.292006231103,8796.95364072131,9540.158467620771,11237.938618635528,14051.139409019575,15036.48900501403,14783.97022865393,14833.10381988072,15218.24867055039,15413.927609893692,110091,132645,136412,129578,127240,130742,141827,146958,155833,175841,6656.861769566425,8020.626639040091,8248.383017403134,7835.124778689281,7693.689599461093,7905.453587053585,8575.74809378029,8886.014728632774,9422.650648756835,10632.448733291416
83,180,THA,Thailand,37268,57902,60024,62890,66299,69233,76449,86170,103062,114586,2228.277827975774,3460.5490002665806,3588.2335686607007,3758.482237781818,3960.9247414936385,4133.287141830997,4563.3449575426575,5147.564249650451,6157.294236898408,6841.276861980375,185998,302842,323448,320936,320930,318919,302087,316992,304870,269845,11075.172802531359,18044.034897837555,19273.908212268478,19124.356063238072,19125.403437118926,19009.657540633798,18006.984163330577,18885.16848643635,18164.8051107072,16090.14423801258
84,181,TLS,Timor-Leste,809,990,982,977,1113,1072,1170,1187,1197,1131,48.63949402085573,59.51910409509656,59.03896023166714,58.74052369250055,66.91888961770505,64.4534457853864,70.34557747675395,71.36476915078407,71.9645817311243,67.99708882105429,686,1084,1069,1142,1094,1090,1131,1206,1122,1093,41.22307283413017,65.1426286457777,64.24098561626876,68.62632721987136,65.74072548847394,65.50023909614713,67.96597602899405,72.47301246834887,67.4241629856337,65.67981861225446
85,182,TGO,Togo,37,43,46,56,51,56,55,51,68,95,2.2360487325027236,2.5986569734792635,2.779945425834954,3.3842617078280774,3.0820786499894264,3.38426716794006,3.323831150471905,3.08209953868103,4.1094809428023105,5.741218605477804,119,180,178,163,180,201,176,189,166,138,7.191470968109201,10.877818839749132,10.756959130022759,9.850527427098172,10.877893341184922,12.146961607164421,10.636149551834627,11.421709700190476,10.031732021695465,8.339628458711474
86,183,TON,Tonga,296,698,878,863,1040,1155,1064,938,722,438,16.921664441687078,40.02528411470142,50.28688946500864,49.29628665428393,59.29084525282237,65.83105712111545,60.696781644445,53.55561102795084,41.22530401145282,24.898681990461505,512,816,712,589,498,611,635,682,691,724,29.22510207088295,46.58060137042173,40.67385646691769,33.69099587825343,28.563284328736568,35.03566106427912,36.37562126654533,39.06040721741162,39.48039353733567,41.24015736333854
87,184,TTO,Trinidad and Tobago,2390,3183,3288,3606,4045,4110,4153,4827,5364,5224,142.90681131640082,190.32913286299058,196.61307227108514,215.63368123437527,241.88856067728318,245.78011703151054,248.35665469488094,288.65767237200174,320.76092036363656,312.39111611240696,3509,4743,4797,4794,5445,5949,6079,4935,4720,7195,209.87705756316515,283.69170231443803,286.9319394546039,286.73023649719244,325.6451179884417,355.77840298467396,363.55941521403736,295.15608093935253,282.32389744686867,430.4053564068171
88,191,ARE,United Arab Emirates,15175,29911,26815,16995,7641,6029,8812,10837,11051,10887,841.0542612375705,1658.1318197452215,1485.5188751760961,941.0708104381188,422.1285597219476,332.6819978478775,486.9067080253529,598.7992312205225,610.6630462397945,602.0794221965084,7065,11753,12936,14694,15069,15261,15075,14908,14352,14448,389.03860033048295,647.8861687166254,713.3526746558327,811.0374306015129,832.4875814313389,843.1700399393744,832.8952628029372,823.6652901249781,793.1143049448466,798.3430647223547
89,192,GBR,United Kingdom of Great Britain & Northern Ireland,3182,5471,5853,4855,4388,5726,5991,5760,6160,8314,180.38509390007994,310.00240478766375,331.6190841181077,275.1878247445914,248.7261602280766,324.3939211406895,339.4194583028497,326.39368502980005,349.07172897172546,470.95960026312525,113265,145572,146808,155423,137358,125947,116522,125031,122993,112839,6410.028493404383,8238.386074337288,8308.320607394879,8795.730105965671,7774.388750744394,7129.0747740262295,6596.0311189679605,7077.029436652538,6961.689927494976,6387.697819045782
90,193,TZA,United Republic of Tanzania,24413,37588,39222,37552,35203,33091,33263,39989,45839,47591,1470.417702080471,2264.2108405037893,2362.2356103255784,2261.5888353721325,2120.155729635009,1993.363288085678,2003.703075334929,2408.4536000954704,2760.704311961388,2866.3816717689024,49350,79405,77195,81590,84867,92784,93684,87132,88185,111102,2973.79325207959,4784.542393803933,4651.540333316583,4915.656197270346,5114.02454142435,5590.83541334864,5645.255721504854,5250.113458006115,5313.751469187909,6694.183068112773
91,194,USA,United States of America,110967,166420,178470,158112,121297,105136,95172,83836,93743,116583,6083.144864009409,9120.155199709181,9765.556049116232,8649.58081726292,6632.833666075068,5750.548154512273,5203.059100953104,4589.519955578283,5116.540631671612,6370.436332158832,134927,232366,247563,297305,343383,349389,341120,314519,290468,292786,7399.089768495473,12745.752552278036,13578.609767676113,16298.038633446218,18800.886127951435,19118.840870128515,18660.950221548363,17193.342028850857,15882.888108906012,16030.292096974967
92,197,VUT,Vanuatu,197,385,632,602,673,491,663,544,628,641,11.498365104514498,22.466545867460177,36.882158517130165,35.13026828504944,39.277700260045606,28.66092352335602,38.70341764125502,31.72346801761042,36.61430145741902,37.366966206382926,68,223,266,323,359,380,369,251,387,1528,3.9670165641953608,13.00024150751333,15.502847255864424,18.833635070918284,20.93441607288537,22.15886124495528,21.519878636149986,14.64731135714655,22.58546177957198,89.20857655457709
93,198,VEN,Venezuela,95313,124397,131031,133865,154258,163990,176259,188805,199215,203404,5715.371229608688,7459.004408675923,7857.200212263395,8027.352592729431,9249.659860493459,9833.377524327816,10569.311028618002,11321.434537667008,11945.533784141977,12196.578567887322,117856,169016,178788,185230,200081,212880,210325,207066,208308,218700,7044.613269097071,10103.80512595571,10688.248606555377,11073.881612173498,11962.96113377549,12729.15603613368,12576.336216170133,12380.7918119038,12455.102304513714,13077.825128696339
94,199,VNM,Viet Nam,74690,107764,117445,117983,141324,147270,159240,147195,143226,189692,4396.061921006923,6315.92691119581,6877.292202011601,6925.723446688055,8351.253134893044,8717.695665118556,9430.700726144123,8719.84097480644,8454.241513252888,11140.448390212996,181909,275898,292622,299942,343074,375813,390019,359090,349111,393795,10722.975605776355,16296.28177009366,17306.678519860194,17770.89693547841,20385.749563581412,22353.11864484621,23182.918829624286,21274.996465384404,20666.61558406033,23383.22646914141
95,201,YEM,Yemen,1861,2527,2623,2660,2465,2240,2222,2017,2211,2157,109.15676677775497,148.1388034532142,153.78038383123317,155.93595900362018,144.33256932190648,131.1637689900358,130.10913660655427,118.12997853645265,129.66379198524518,126.48503618484712,6011,8662,8649,8758,8828,9427,9675,10198,10176,11003,352.2422799584614,507.5623789660579,506.7921966420674,513.1839213084487,517.2521968945692,552.3426474646876,566.8745264720011,597.4288439521489,596.1240560180768,644.6717830869153
