,index,gmw_fid_uid,2007_area_gain,2008_area_gain,2009_area_gain,2010_area_gain,2015_area_gain,2016_area_gain,2017_area_gain,2018_area_gain,2019_area_gain,2020_area_gain,2007_area_loss,2008_area_loss,2009_area_loss,2010_area_loss,2015_area_loss,2016_area_loss,2017_area_loss,2018_area_loss,2019_area_loss,2020_area_loss
0,39,40,0.0,0.0,0.0,0.059385077989233995,0.059385077989233995,0.059385077989233995,0.059385077989233995,0.059385077989233995,0.059385077989233995,0.059385077989233995,1.7815281246406187,2.49413822132382,2.434753192998475,2.1378317773885085,2.0190719572172173,2.0190719572172173,2.0190719572172173,2.3159920279428796,2.3159920279428796,2.0784555438086536
1,41,42,224.15250920336376,349.62395054049523,364.6700535422656,357.04585303750866,370.0928728863821,341.4444585462516,379.0506933007304,354.7297745683303,374.9597872846207,384.06557835363367,586.8908272208052,879.8636431221339,826.6904174396356,834.6904261815716,916.3836806598323,1192.2977751106614,1219.615767415431,1461.4602807766428,1377.8908652786802,1493.0947476405188
2,45,46,168.92739802621543,365.8951211370907,349.03804645166315,214.88556321585503,104.32445593164874,89.37365167617614,139.3134865532914,173.93321543140985,180.11170395959203,172.73958097722408,176.73052549320025,272.7991382936123,300.05072383282106,306.7517696730314,272.2596715408406,265.31195989823067,262.338383636282,266.0995762287503,251.20040759462728,248.3283301376427
3,48,49,0.0,0.0,0.0,0.0,0.0,0.0,0.0,0.0,0.0,0.0,0.1178939258947416,0.2357846666885945,0.35367705707481173,0.35367705707481173,0.17683656629299438,0.17683656629299438,0.17683656629299438,0.17683656629299438,0.35366988693364926,0.47156204984889805
4,49,50,7.139777294502856,20.72600477940784,25.88647753891322,44.571241497496324,38.18829743212912,42.477144177817415,46.70588762524672,53.89754701987811,54.94077359015398,57.43384360717407,75.01165865756158,91.90164443264905,87.49216956872496,63.29781550249015,51.9808175404903,36.145842915458104,31.10278127097405,32.78588947566675,42.07022848431677,56.17482268564846
5,50,51,14410.3582865751,21452.911046993042,22664.9872358272,20651.670409735718,18479.427624407534,17501.963322462587,18567.512541593864,19630.61575504293,20246.096639482956,19880.86529983825,35885.05594860985,57850.83673000536,59000.13293460456,62965.620058343484,69871.58526500736,74531.7027787611,73270.85150832741,69959.3088628441,68137.04635041014,72736.75339318284
6,55,56,101.74922382559383,214.61837252503395,351.4207282180748,452.5717152443699,507.9816062067549,529.4891722741875,534.6849310437206,516.254476325533,509.60940597552576,532.3271989410173,783.0741417281624,1038.6534739215128,984.9894774898419,746.133176678082,594.2178311533323,491.3226244253044,512.2244495640396,502.33140822159226,522.698601958552,596.4859862947671
7,56,57,0.2973396929315351,0.4162765441913901,0.4757439330776604,0.4757439330776604,0.5352116595556562,0.5352102606062074,0.7136099668380028,0.5946755270937,0.5352089585524256,0.5352089585524256,32.94478567113731,41.389292987909656,44.71947340692037,51.796015896929646,57.38583408711291,61.19172881854263,59.6456396389376,60.41873290358899,61.667524757185916,60.12137423846819
8,58,59,14168.238957607604,16632.542701994334,17618.077889996748,18915.818712793865,21822.82104831752,23319.048051401078,22447.235232983876,23686.923568227827,23618.74381866874,24633.20387533316,6282.367651347469,8858.302286782711,9805.14847994412,10756.110389123209,13990.309779882627,14669.26540870365,14830.034163097793,14459.049141280211,15350.05287245835,15648.846337157185
9,60,61,22.806668224082838,25.542671234716032,26.30838700118059,21.276177048600356,1.9688542522807768,0.9297481018286854,0.7109842286257975,0.9844294804391004,0.7109842286257975,1.6407033219636833,0.49260888533375935,0.6020073488664146,0.6566955623190474,1.422620898841925,3.2276181253503875,3.2823175610696094,3.2823175610696094,3.2823175610696094,3.2823175610696094,3.0635260390876087
10,61,62,176.36496273873897,434.0688064976858,698.7834972155806,656.9654388884643,514.9317503883348,401.08812656059405,498.52875092736167,588.3816407020264,750.0152988952797,854.5727108192644,7483.376362641123,13381.661786787505,13715.172654242993,17427.819414260463,19705.5268696237,19594.82191465784,18940.01819187437,18556.696498681922,17209.009763593433,14962.643170155627
11,65,66,439.12517117908607,677.3232753221029,651.6385398453252,559.1403927086933,504.9854372992045,493.7134838884531,569.7683776539325,737.1340008098896,782.8896566014681,761.9245057675957,1914.6538106651408,2985.0140516799065,3326.250166366147,3565.3044132306536,3785.493732875873,3923.5167292930637,3758.6910141454423,3347.768420899622,3170.181978640522,3335.9548947008407
12,68,69,11299.528788521216,15828.257225110781,16636.25531694673,16104.674766104283,16603.3540273753,18467.513046500328,21857.352954600294,23898.10896506453,25816.8862558468,26082.823571669014,23357.819772119696,33819.0205244111,35115.84422087066,37404.28244215563,45801.529457468394,49627.124910467595,50800.25385425521,53949.700335054375,57955.761829704155,59179.6370653839
13,69,70,0.5332800495039148,1.066552197718012,0.8887973274966652,1.1850580089360314,0.5925271331126108,0.23700761974861562,0.17775445412897883,0.23700517639486285,0.533261854978456,1.1850457404836983,0.0,0.23700299306394912,0.23700299306394912,0.0,0.23701338997725985,0.4740243366374024,0.5925287964117976,0.6517822218492878,0.4147686759856774,0.11850440772621332
14,70,71,82.86524459480975,120.42185894378372,142.834647619416,143.2588829844935,147.80234125904056,134.77859596730718,135.08147514767813,149.01393491869743,192.68882383805155,193.17354075385595,73.29399592300591,132.7161901170835,121.38791876119389,137.01598917963247,188.26512194479238,214.97951437280489,211.5876888027543,179.96735657175452,153.6759407766445,191.35223494978416
15,78,79,923.8065486262066,1470.9807663741362,1401.705850649436,980.1874802672642,680.9244012577726,650.005040638264,764.3191982014787,915.0630213407447,1120.582160346304,1215.849817255151,2131.6919282905537,3014.4142114292313,3264.0186446469256,3156.4636468957037,2925.3712630047703,2712.3760590157685,2775.9703265445005,3189.644838250497,3427.3557192400535,3499.905300058175
16,79,80,153.57466544889917,256.8876487162215,278.3275728589416,263.0697102281988,204.20827365425635,178.9541709688701,177.0758029126237,190.64396367898823,205.3603638041086,217.59544101827373,151.3619381705659,249.78040179861623,265.02564959328816,291.54422748494596,493.20516918427876,616.9341135891866,673.376738060013,674.9497444929705,660.1723977006055,660.8327127477094
17,80,81,1324.2042648821623,1795.0031762407207,1884.2569365324837,2081.6596553351474,2255.501828468665,2048.362724907865,1874.2743208244935,1862.2589219446077,2142.898608471549,2317.2268966800575,704.3228293659042,1358.8304187970894,1480.586977739507,1567.2821724096416,1607.8789409749872,2043.2139445848366,2240.2644529135996,2311.10031505831,2166.7778321649585,2560.46198538143
18,81,82,152.91328343489891,199.28881343793037,187.31653213967138,146.74454393197763,154.7262897796331,167.84762446846509,186.28883645032406,212.34879606876478,281.7623620092964,291.0742280512825,165.55191015934813,310.0620440970423,308.8522365570838,359.8847413867759,370.223975533766,407.04695514754917,415.14953354997795,415.20941353843557,425.36717442791854,477.8494692379811
19,82,83,22.917819186825845,31.285269764788016,35.22663026484912,32.317367033829896,26.012205677684914,24.19345781242142,26.073109093995313,31.65145405771426,39.776331537711734,42.99012180564,21.281733499048137,34.86209292508401,36.437989503195126,38.86084068333087,46.67954562394768,52.680703676355954,55.71235669797635,55.71396357304983,51.47204487619818,55.95731645252482
20,84,85,3814.6725316338557,5693.263777341583,5883.0530005659475,5889.028747392121,5683.592495177017,5511.624845135853,5713.7615649852905,6415.189816069534,6688.757778190933,6221.44296242918,14573.642172422205,18039.501571375797,17265.155391877084,16326.291391000157,17625.248343324347,18438.799928315886,18729.28425964427,17685.66586005696,16528.599279264494,16081.14577948938
21,85,86,0.5943520360101239,1.1292744747818482,1.3078832275349157,1.0702151746179975,0.5947005882767301,0.5946816604769172,0.6539186045129913,0.9509965325868699,0.8321695104642649,0.35685060969082394,0.11882820282327933,0.29707409476629953,0.5942106107477179,0.7724601374097013,1.1885925908681956,1.2482236932453197,1.3673845045288482,0.7725855856886567,0.6537607285974273,0.35667754147000347
22,87,88,1086.9318771207631,1416.5435770801178,1545.144364092696,1590.1887904516284,1629.8834640972973,1650.2184524624713,1667.2839578658602,1571.1208105017254,1443.5518773181202,1463.3971688995919,694.5046165504152,1048.8971130479977,1120.081932415371,1201.2825505600854,1389.6792247736298,1446.6757350422633,1474.868806897347,1610.3452305334208,2041.927661750275,2520.478228793195
23,88,89,3303.7944433804196,4598.104403564652,4828.424581937774,4630.556450055065,4033.032005440965,3893.1337614274876,4130.614485967229,4889.679760802165,5588.110921275061,5780.678269254288,20298.019596532602,27258.226621694623,27525.69913629293,30455.40874463746,37768.64309674882,40256.642833292215,39413.406544572725,37915.04055647076,38227.901229110925,38584.16622649317
24,89,90,0.0,0.0,0.0,0.0,0.0,0.0,0.0,0.0,0.0,0.0,0.0,0.0,0.059473651452844375,0.11894879410380915,0.11894879410380915,0.17842369629931337,0.11894860173839089,0.11894860173839089,0.11894860173839089,0.11894860173839089
25,91,92,15.10510974104499,19.64049616974649,17.917941261496384,16.309132559710186,14.126346868811313,12.575414034294191,12.116373993882583,13.381723653877756,18.207479160940043,17.920919425047305,126.25935925182912,164.86050522001847,168.24937964999705,178.29930215719054,203.4594830851393,212.53528685440432,211.44287365520424,207.99498640484572,207.82203020822558,215.6923386023665
26,95,96,5.951063913411232,8.094508728019514,10.180475380513633,11.312423869989704,19.712052893971233,22.810267002857756,21.618300472507418,22.80861269463213,23.104730013484023,23.700401650941934,143.9628923887795,203.3125315207713,217.15316820091795,217.61244916750792,190.15002775239853,183.7020504449934,187.96577860065184,186.59462109524793,181.77767778337025,176.60421730621047
27,96,97,0.0,0.0,0.0,0.0,0.0,0.0,0.0,0.0,0.11721167861713104,0.17581751792569655,0.05860583930856552,0.05860583930856552,0.05860583930856552,0.11721167861713104,0.11721167861713104,0.11721167861713104,0.05860583930856552,0.05860583930856552,0.0,0.0
28,98,99,317.3850820742526,381.10077042030366,402.77612540712437,380.67449104702416,362.8540609884168,347.754315264291,340.41106196673013,353.19807672622187,358.5859585028472,367.7841472012518,311.2204934227383,518.7448488408113,584.0767697341793,812.6722365794342,1001.6574009613606,1116.2232172748777,1097.0884268250882,1034.6245993415646,955.0408893497018,920.7848397253206
29,100,101,3196.670133883385,4957.897766587543,4814.996764933588,4897.828898597128,5566.182711413572,5895.812245832893,5774.495973065195,5690.20912635414,6337.595868287787,6569.904482168862,9300.212368992716,14212.094119272218,14928.312161686568,15405.764511207704,15322.367462291695,15605.685230162931,15557.774972589363,15253.744011538785,14712.110598027906,14932.092401608454
30,101,102,26.874659046938866,41.009510920016545,46.15637908726232,48.87038541699842,56.46668458619533,57.56752979251449,64.4198340592749,66.93292875978885,61.4073661955491,51.83586037005643,592.7909161316685,868.1033581985071,832.4501915892076,857.2315421845686,837.9624338505532,868.1130550047089,838.749566483874,813.7391718580232,824.6423305744015,849.4060848732088
31,107,108,268.7220953858286,542.8508276406118,674.6732475059824,672.6441731875229,803.0110917786852,634.9235209517136,693.516024710675,709.9741635051095,919.5576035819747,943.1265319463747,302.9964035481312,509.5797534271015,550.1897527442984,540.9048106794759,486.78835508866314,464.1832945945772,470.62525027922777,532.9843065514415,623.0934920121094,745.0146911574217
32,111,112,9.86171546346165,10.701396920359182,9.918863465957227,4.141947743787355,0.9033499842135709,0.9033499842135709,0.9033499842135709,0.9033499842135709,6.574148361847455,6.694788264159949,214.8789371708624,230.29110066455186,239.97830033346247,53.833746342789496,10.53633905594917,10.53633905594917,10.53633905594917,10.53633905594917,236.04468457014724,254.99337283855627
33,112,113,724.7321970690219,1028.4506619399033,1180.8969558524436,1076.4146170837917,883.7229425898312,724.8414328344423,789.3095137337514,875.2701457930702,1015.7378932315308,1049.3550681710713,1041.4347567466975,1661.3211354368839,1580.1617856133887,1558.5115995707574,1705.7834428599328,2144.068987013308,2104.320510643081,2080.7381833913164,2160.6089323354972,2553.4348524060515
34,116,117,1228.4013616420248,2493.0849535923635,2930.0162390430173,3383.673757360275,3562.918171060855,3522.254896922338,3375.105997883416,3262.447127884499,3357.409782874883,3588.6126211295045,4784.60816841992,5639.212269645948,5153.520702846313,4083.750261790555,3371.7497780090494,3220.182050700867,3303.9439256783708,3511.620790455654,3580.0944529319536,3847.2170017817684
35,118,119,2921.5345910724404,3918.224255696925,4423.0592074782835,4116.660316474538,3840.2138842342497,3442.6998235225433,3814.139545128914,4046.180636832035,4426.4912110450905,4812.330688411961,3294.1330014259765,7153.64459020141,6640.213073716797,7128.028796320506,7905.722007286207,9820.025969898214,10060.4964624926,10700.868245750778,12395.262889764463,13537.617179616787
36,119,120,30.77654935271869,41.05549279308268,50.80821328087612,47.946182507361556,37.31567397345687,35.79626953657,35.85475267364503,37.43260266600165,46.0165402894448,54.01610100084056,35.38784523553252,43.56399252191013,40.64372254600037,39.18461974525928,34.63318407191043,31.42196170178332,30.253900668055106,26.923392714430022,30.65983080954064,38.13382418464107
37,120,121,1638.2713428219708,2170.8602681353955,2274.9878416903593,2286.991797085817,2130.8709768946474,2140.234318421314,2262.198125884808,2476.921124343005,2486.1054202420523,2454.4546202283173,822.9663805779536,1466.20308477853,1453.6136830556236,1561.6653709345965,1934.7201432390368,2361.3920508841948,2282.80680799583,2094.849109424405,2007.673630939723,2298.8792275355027
38,121,122,6189.394347878063,7455.9893804462245,7321.608916107306,7510.551833763566,7564.42686444331,7281.718001963967,7320.131841814438,7674.489581748472,7819.018861425707,7377.720737195013,5266.065878105159,9794.863486744656,11240.013459473003,11467.649736283734,11116.656245935208,12615.489980691442,13852.474744220812,13297.20880300342,12420.772458819856,14348.959034493437
39,122,123,101.12501356731741,175.14634647964297,237.43923393031778,234.94749324652867,217.2626648627142,180.67735706207768,175.75456869515207,144.2124140823645,147.85834514239016,172.65389968558537,61.07468293706461,153.08068503674025,128.7107579756276,115.34046818282049,133.14528481812525,239.55297661696073,285.1913820533179,281.2411361945253,222.95993376858732,223.26161233684252
40,124,125,1.6636628917483802,3.5061346829967794,3.6248370945752204,3.8627072357272727,3.209307999890742,2.733771748367429,2.3770605771044284,2.6744830278167147,3.7442953494441715,4.457490644366184,1.3670995075701333,3.8032189850026534,4.218708228110414,4.694340496842311,4.7536222627837095,4.9921402595032385,6.299318224516915,5.348528958728256,5.170127296150218,5.824204602033034
41,126,127,412.37058450988485,661.3605111977174,757.2553818223458,653.3379109211398,546.8299334734938,564.1244347799949,606.5664964136532,674.0659231387847,827.6403186541777,957.6900987231625,938.8585137994888,1214.1181666803493,1106.86410505617,1005.8573106499049,979.983484217517,928.4137328227603,789.3505806858547,763.2932525770652,952.442824790683,1089.9074012562266
42,127,128,5413.289137366112,6338.85948029946,6665.51285469525,6651.1128426360465,4950.409502615996,4766.352256762462,4176.4375299115745,3799.0737338896893,3403.525111840088,3305.293395036105,4442.565205552452,5261.1543032994605,5338.772382971648,5448.150587067564,5490.02631145388,5595.372637675108,5703.87779506832,5900.515048032075,6232.568986313177,6476.443747746832
43,128,129,0.0,0.0,0.0,0.0,0.3549723474572391,0.709938704560919,0.47329578563470265,0.887436658855437,1.3608888582659495,1.6567920558984441,0.0,0.0,0.0,0.0,0.295855453366467,0.8282982220202474,1.8932466854717849,2.129888006632431,1.8340853252715223,1.9523164294315847
44,129,130,831.9213514407842,1025.5058872092022,1118.7242307597226,1271.503312421997,1440.5271267148387,1625.7094532239498,1660.5259025481416,1669.9387950400594,1636.5890192679417,1725.8211583076707,775.5753925564093,998.8305558718373,1069.714630692067,1122.2842568797105,1750.6241123777822,1923.5407651479254,2018.0892525760107,2221.040378016366,2420.937995265688,2720.2177454246207
45,131,132,2820.9494449661825,3956.280041656792,4251.844107270542,3848.05765734173,2053.484413105801,1499.0768320744837,1679.0813017465425,1832.8237479372424,1770.8421857589688,1776.1572413526526,1875.4564098659662,2685.0379956652223,2548.2532574968,2376.4109435703567,2474.38916423547,2531.261477929064,2366.397189932761,2398.2931075223505,3305.2710341642505,4153.475504908293
46,133,134,188.3857846987956,225.0973021709847,234.6419645004725,232.0278293988787,226.73119724465278,229.1900508077182,235.61480319002948,280.5085120961405,316.08558667939997,322.58029309217716,1191.1037439387762,1436.6940889654263,1442.0077001451118,1673.5656823574307,2022.402879094296,2206.2357731639704,2146.1865960872465,1959.8439599877622,1863.975654417654,1883.5944339434031
47,135,136,17683.7254437757,25364.492600969374,26974.38799328696,27075.762724338736,27713.80269387664,28255.2328876049,29917.622355754138,32649.138933898328,34031.87959860337,33603.88812544195,122502.31666166155,174516.89754157505,189132.32181911782,201239.50146439887,227426.5340688607,243683.10131322857,252555.11384791113,257665.1251837894,257523.20120023648,244114.80027468182
48,137,138,14967.51681563847,18450.421001675164,20011.514219392284,20737.88295881679,23709.03517721756,25969.495616707336,26901.820270155877,27556.33590435262,28004.571439818734,27560.277796598657,20427.39553020234,27360.019175076188,27953.71261986539,29090.33176499428,26022.998827200223,26364.62681225324,25989.18990494407,26064.42200115434,27955.349271704312,32280.45914259762
49,139,140,200.6734625824555,288.8951834586659,305.8773139361636,305.5771948871704,374.950963188881,344.4860082274394,351.2831322396198,467.03409144263026,603.2643690810544,577.6749342323799,2633.8036266611357,3963.8126824402716,3892.0199976235353,3793.714625835707,3555.515595222705,4022.5752031452525,4144.862819301396,4161.904285497608,3955.408931396847,4555.021232094563
50,144,145,310.25913433681256,355.0233291459858,332.2063699679591,253.89206351666994,105.49467394808778,63.10544598679266,49.26241346848719,51.864545213299024,62.748132994761406,76.47350510356003,40.75392808932155,91.7731002386021,129.3729829018639,252.9100372402146,576.0904845528942,706.1943120340479,742.7151657285376,724.7170879255943,721.4873073867354,735.7904457934052
51,147,148,7.752411954399066,14.072956515788874,17.237786543355508,16.81851140962849,13.380249992930231,11.243090586225627,9.132016325626845,9.18635141286081,12.709383715481506,16.55374398024836,11.53113607604307,19.946361893816192,23.0992846725851,25.912831370398163,27.618317340490457,32.089548416911775,31.08836233997002,24.899794658291313,22.076965107505817,23.928898302510955
52,149,150,568.8143140481593,901.6161237812487,1017.2393169235246,1017.5788810733936,912.9728742853014,825.2381612723879,847.3924119846683,1020.2018294481948,1237.2450637365773,1338.0750275615544,905.428667708437,1493.001803227649,1357.897059934095,1334.0510736206954,1525.967738572014,1772.9504422630619,1732.9779924620352,1586.742077136798,1630.4340334263325,1854.367697256504
53,151,152,140.29271455171323,296.4205986896354,283.74590256925495,302.2530758564932,294.51915014941596,318.9106901797424,323.40022604810997,319.05561286969794,424.3125859523343,615.5057863812528,2207.9923078400884,3164.8499211748094,3431.1387848022646,3591.7851281302846,4086.988284946253,4195.369075624472,4158.434554762368,3993.481444885103,3743.1561703845746,3296.1518886335507
54,153,154,2.033439217389623,4.357310449925859,3.776364580036029,3.8344401983326746,2.6144312699850754,1.8010795489171603,1.452452592820641,1.3362522331945184,2.4984416227528543,2.96330481933804,0.8715485744712932,2.14981737329502,2.266059984388708,2.905141811720907,3.369894242885051,3.3699238258473816,3.718585288000802,2.788997887572761,2.033556205132523,1.9754142328272468
55,158,159,394.97541328053046,553.3122992657106,591.397799974035,607.6434568725347,594.3750850946698,586.3229727380684,598.578396546518,594.1951388581318,580.5615802355422,559.0059914383387,244.68512173573632,396.74941608854476,406.7873651555772,401.72564856798795,440.2732097793696,537.240203015618,533.9345316779529,604.6090095232116,721.7391203019408,988.6753756908863
56,160,161,1.0044368077853094,1.358942612509943,1.1226289264830138,1.063544161600378,1.1226003726438665,0.8861879476891087,0.4135190121367232,0.827072611476371,1.3588262033075993,1.4178810506724453,0.5316358879935763,1.41771874698104,1.7721545166848292,1.9494349559329436,1.89035411816947,2.422183701239104,3.072155389597553,2.2450865459489173,1.7724661530216572,2.2451723866200997
57,162,163,783.7113668109778,1167.5182180425973,966.2694277418998,965.4690068412365,1002.4142504827591,1047.4041364508569,1015.505729667047,912.4541819849206,766.9353674322615,923.2729451850133,3633.0463839432505,6804.486306618383,8054.380233832227,8460.681910700216,7745.101843047847,6878.597385108078,6591.202769700465,6715.409312105712,7611.108245011164,8370.477688358553
58,167,168,0.0,0.0,0.17357389663280215,0.17357389663280215,0.17357389663280215,0.17357389663280215,0.11571593108853476,0.05785796554426738,0.0,0.0,0.0,0.05785767955199301,0.05785767955199301,0.05785767955199301,0.05785767955199301,0.05785767955199301,0.05785767955199301,0.05785767955199301,0.11571543060333848,0.17357332465082115
59,171,172,2347.5342539352255,3008.827079228114,3123.9207853193484,3140.8982199478683,3519.2108264275025,3734.082078176033,3996.7412411896057,4270.66081852058,4627.998734486005,4871.969928783917,6559.970236265424,9239.996881236937,9510.862315437575,10148.240037827703,11095.861728512562,12336.579661712633,12695.13090716622,12338.60398365872,11923.251910530642,12659.128155207914
60,173,174,13964.990890929237,21481.61187856731,21281.866923834423,19985.229179287802,17922.847418469173,17982.44258059288,19510.087445666246,22644.261448761146,24376.719452619385,25627.390215663985,42645.06653471437,66798.3546153207,76701.7847714631,79199.04191406541,83061.60683647777,82647.00360529787,78784.82274024155,70601.67480956236,70456.64557238542,83200.87703843784
61,178,179,10683.610659779832,14458.281185436015,15811.938670116822,16330.212349694397,17048.991373192843,17704.56234570305,19121.08783509488,21365.406215836454,21904.720056334023,21677.02860281536,42734.61419329368,55090.8410611126,53566.54502237909,58903.31042755245,73845.15320298263,76437.97748314374,75522.8085656563,78897.45929479646,79514.92766144479,71767.53384124249
62,182,183,3621.969059917001,5405.182831649107,5460.977317112821,5463.746023546336,5597.55026626609,5754.458790513989,6073.148956887576,6997.678246277482,7339.620882364779,6645.440393251654,6143.478576348038,13048.92262503221,15028.043804988924,15918.394728255687,16490.13178359205,17350.104756681492,17265.486798667385,19166.277707323607,22381.57142938927,26994.235146920695
63,183,184,22.37329897946062,28.862718249808587,29.100489604222165,28.58122309236841,40.97475010606174,39.27516262017586,37.40649911307974,34.951180693244034,44.59885046476673,64.45605836399449,31.679759585202248,47.640147578097825,56.41247323307589,67.283396219167,56.526234186012715,75.34663795528672,81.65920081900077,86.19830138213334,55.25482909291536,42.51547616882496
64,185,186,15.430325032784545,33.44982611458718,38.986023182990515,36.39416017909361,33.92133070177004,24.792997784156665,26.61800009402799,31.269365647961965,48.63879771846419,57.471549674585575,18.609860477331065,36.62910436511519,35.744942493922004,35.39174807883062,32.38877509808944,37.33534903772457,40.809943333309164,38.21952345007611,31.80090702348059,37.74775920811889
65,186,187,3.8832724326493895,4.283231371619013,4.0547316505333715,4.511765383640032,5.711081137044265,5.939412907287387,5.65454197594856,6.169126263126487,7.596133735636549,8.395542396919122,25.064764892364675,31.68918782337693,32.659122169463586,32.77532662071998,33.86060778270206,34.546989147842844,37.34395700831091,34.54493106112496,28.55108615829898,27.523516611649953
66,188,189,4058.009052177578,5645.0476202321415,6017.81225041585,6039.757608836966,6062.135411461645,5909.235997342825,6073.234174114811,6647.176848627354,7310.853306483584,7264.492630057718,5719.665280279619,9411.715854664453,9560.656653368042,10192.636517321773,13360.976454860687,15417.12469563363,15744.587926001332,15831.094470450986,16363.305868544325,17669.019963601015
67,189,190,19.32996145477221,27.33500842677413,27.751146962982432,25.320655832172463,14.411208335356683,9.430543224775471,9.963926226440954,13.759224733207262,14.589868868165066,11.387936148821252,7.354765859483015,9.193168533689722,10.082819253002642,9.726255359252214,11.859781934299274,12.393291666705045,11.089499439382582,9.132457067303491,8.360924483933038,12.511495595772963
68,191,192,355.1864015281979,654.7601734101967,705.3247947606812,668.3640460287262,590.6449307693493,552.9697366250883,557.5032674089722,708.8595088810462,1028.5753717827245,1292.9299961078461,834.5242169798751,1219.291152108896,1410.0570580783597,1372.6934568335635,1296.26287751828,1106.524130056329,1055.7503043301274,962.6599686520881,882.7683274897695,972.0804697437715
69,194,195,7422.830764593895,10228.297073947,10378.63351022529,9237.168601499088,8919.145132083015,7795.479595030568,8507.350826874612,7716.403141339693,8794.345970517814,9713.841685135194,14333.56829918113,20969.910718934538,21817.06139872727,22285.85921508388,24726.544170363923,27468.188209147338,27641.951245034747,27469.424787739525,27749.86086735368,30810.05658312115
70,195,196,2638.800961561109,3658.1853620586285,4001.660912999238,3664.3299196734188,2184.95449516506,1690.838980373856,1957.1393275084856,2197.8825644741783,2277.5428044268674,2124.2281258470666,1921.9006406080405,2711.667701326195,2495.6212367821995,2384.0982931017534,2479.718671277732,2553.117882213393,2556.3902818088573,2486.455418070736,3321.5307579151927,4110.655143800644
71,201,202,643.0183885429594,756.6188438244196,787.4461662980777,810.2434078753945,834.8584438602555,798.2086854526284,803.3397904323789,804.6160169235287,815.2562517777927,786.0296459886916,187.4733894883198,313.6865364431951,317.25344203204236,350.8912552943004,375.8325257260966,507.86395095224333,526.6695951811104,576.982879030962,724.2608056479746,996.1968532525382
72,202,203,6.038222124395184,10.399797802760439,14.35261491919712,16.210534494891093,13.237782719715307,10.840916759410293,5.834918780664391,2.9876630246222744,3.6656624356399243,6.4325596389104325,27.878445888406958,40.246024364173145,39.11441753827212,37.87934156852261,36.77812228753141,38.82368201824456,43.56836334204418,43.74127570815804,39.692569663249046,36.02356858270677
73,203,204,1902.3546109910087,2598.440523020855,2532.2009005964796,2391.6067401353203,2590.8835780111167,3485.156599104314,4148.850381574065,4570.722980498021,4065.073484304108,2859.1016640652574,9367.675391916964,12522.800581643498,13234.55521294601,14709.132802240807,15504.121905593478,14736.567824580543,13085.244642740565,12520.053570485961,15287.121888373384,22951.950295054052
74,204,205,1812.1513594690864,2339.044047978488,2480.9628028622174,2492.500753168877,2407.3424145151275,2407.5297718889515,2416.968007228444,2375.779954124625,2226.878325003994,2088.4545830157963,1422.0178407620162,2189.125219200011,2304.819580868661,2521.2147412277086,2747.299414293687,2994.81349685755,3085.2190481498546,3330.9011858992285,3831.1800542949486,4647.228148218362
75,206,207,148.83739916545403,227.04631131383118,220.67347597781074,215.45832123497178,207.99424429722217,268.9105317199423,318.96312380486853,369.68125688221255,390.6732256569051,363.6172177196062,617.3478579140443,893.9649825783329,910.5938033010672,892.8231693704726,958.35911001093,1037.2361321269968,1029.7116374158916,962.0618948301162,908.8521672591374,892.2879209128035
76,207,208,4863.026298434571,7203.686013154851,7535.815547693381,7529.850486034225,7678.448037874722,7910.48083479888,8180.143612271416,9223.72716041865,10390.268884924011,10930.757569335554,13648.981032120439,21056.026189854023,22322.638352388138,23028.286207063426,23128.10652548152,23677.358686396747,23859.522285078816,23163.89635217833,22757.184277839155,23328.1671950634
77,208,209,25.793063172741633,35.44072500388474,32.38107558354053,31.05390336410495,28.580049345182427,25.262993961655038,33.52209215019964,41.176502345157196,43.40691026432429,41.780551087002976,13.264596323855468,24.0550325411381,30.141949063175232,24.35530485781241,15.795417400665702,12.963555629636748,11.215638552390974,15.557256008175079,18.5728264773927,20.983834436820175
78,209,210,4956.723619965811,6485.9461263755875,6841.248859150673,6849.971951251983,7157.675024340618,7197.673023208363,7410.544108467979,7805.394920771021,8117.01759102843,8169.088665078983,3061.6170187701823,4978.769914852048,5312.547370972948,5974.068248148659,7749.949555966322,8969.801452777197,9429.249897764656,9910.850674248672,11157.59127788247,12558.30140060927
79,211,212,473.49452066762865,643.7880636544991,537.7036352840471,473.55546553634656,398.37969775717704,379.39443375427504,374.8019868992369,348.408755415756,271.58720230025597,262.4004152064721,156.4166948569818,298.7624882932721,377.65675444002426,400.8160052665021,393.6442532528483,369.8675263778769,347.59350083568876,350.50056158511086,430.3244286036317,590.2626726726462
80,215,216,0.2902233604988935,0.4642688319241358,0.40610899631888137,0.3480717081711185,0.4061426242296437,1.102066251224247,1.624403120755372,2.03057269517264,4.814283103023529,5.626448467253046,1.7979703900169826,2.5521137071534614,2.9579456110787423,3.24809131384255,2.900117891228881,2.7841318838718623,2.957651047394776,2.6675417433444295,1.971870568243044,2.145758081993773
81,216,217,3.677295095499689,10.210641496109707,7.797947860121412,7.303944393859581,4.831124499458081,6.312004066716032,6.5852072099236345,12.128582310569815,14.983531419000412,12.897535756869301,2.471965760165731,4.503948267746552,4.283792824658975,4.72326642415477,7.855416489988751,8.131222374493044,8.95450997308859,8.57054768367431,9.06459465630656,9.009721837785325
82,221,222,1142.4763113105173,1528.4578263878252,1404.0334819225086,873.1787181274055,271.68025918798565,227.03100402293646,245.14422910105887,235.0478670302971,247.10640238082095,269.82968473718995,590.9638768108056,1005.0311210388357,1018.531793735539,1304.9478431847297,1638.446143453338,1762.7585548076916,1742.7099778423235,1760.936887327604,1791.5734673243057,1809.0874128665794
83,222,223,3.842223753613999,5.387272466543532,5.504096370400292,5.6239754947786,5.800628280696735,6.146309472467425,5.921875623494359,6.15260530248034,6.155529207607387,5.986006164052783,247.07879979478088,339.213897061996,370.4781946721638,411.86136435950164,450.9623003814103,471.0106985637375,458.3898991265252,454.45214362036813,476.9794057714091,483.66006979290916
84,223,224,4495.003100859618,5442.411996587795,5539.625298886359,5326.066579889371,5070.6189566945395,4892.33308786336,5005.927168360833,5187.004016184933,5137.022400478554,5077.376668278551,1852.7847814147474,3147.7069928868627,3347.2996843378005,3789.2732701691716,4104.1099487042775,4739.761617301081,4859.471554552019,4805.299805718488,4387.3768199380675,4765.292186547235
85,224,225,2.1876278821054016,4.375268534382207,5.34755333181635,6.562934646474955,5.226032801087836,2.673775888067989,3.159906905494168,4.37528614956565,4.739896660770928,4.192964520911289,42.96334932625733,67.57488847297196,62.166474028287894,56.27162572711981,72.07101170779913,82.8877348186335,93.0361570692808,99.78139945803468,105.00735352841379,110.65880697468091
86,231,232,469.00703305078025,743.0794044484278,808.8249846640919,749.9156563130532,660.9813140968811,597.5044591211766,589.0213297582201,705.1528118340157,954.1372826587684,1008.2888126254455,358.2088049456983,605.6267397883298,639.0329970209971,701.2270247606887,843.2265473349771,910.6708645323691,980.8504764265365,931.3870213549847,1004.6109482864591,1127.4252771066008
87,232,233,1397.8806659962638,1934.159102107595,2224.2409025739894,2065.7223404702395,2051.9700461999723,1947.8640526188615,2169.828508276566,2106.266932864329,1776.0270651828964,1560.341281175318,1956.3400243705303,4472.746588684089,4084.043849160861,4298.086660263165,3891.8934887888195,4449.859404399271,4376.376572363146,5330.228484052155,8314.867269419965,10471.273784702575
88,233,234,479.17856931477763,813.2765698993389,819.3657685033747,669.193222217814,390.4985216876564,293.6000212075148,452.37211227312116,468.71571520655334,385.35640415388207,437.7483822727661,287.0032446682545,445.5218679002587,434.813627012667,417.1766586133982,472.3459865136255,478.27561750100904,447.608528117965,468.8034544014176,635.5493623767949,846.0545209732825
89,235,236,19.53267217799224,32.820309566952815,36.74934775217743,38.8861391005739,38.0695759101309,39.56033979014024,41.18219696698192,40.80513433047548,43.186290885246514,45.74992500147226,75.60449191015503,110.4656561787194,114.59519858910777,120.90042743118559,127.10152758072718,128.8200054553837,131.89772376662415,131.81923620464497,141.30861162183265,160.06820998060994
90,240,241,1445.0138277954288,1825.1819496858739,1891.7009947167435,2011.5051717151287,2348.2344655476,2596.5347868183135,2511.017831976027,2538.582973850582,2620.8733047919914,2848.361924009598,2352.0630717437016,3080.7361781470513,3220.10839975997,3025.584248828085,3057.447462365425,3119.128647908086,3482.4909579084388,3699.815368993902,4140.316360839463,4987.090063820963
91,246,247,1.0299508407311733,1.0299508407311733,1.3328549428857968,1.0299513489992074,0.9693992682393013,0.545312079249701,0.7270685862673364,0.7270344992112779,0.8482141067786473,0.7876305549447489,0.2423486538902096,0.2423486538902096,0.1817730160856421,0.6058906023138072,1.0905454207331173,1.6965263367777386,1.5754158267099285,1.2725858531536545,1.0301433139763132,1.0907340279423576
92,249,250,2.2360487325027236,2.5986569734792635,2.779945425834954,3.3842617078280774,3.0820786499894264,3.38426716794006,3.323831150471905,3.08209953868103,4.1094809428023105,5.741218605477804,7.191470968109201,10.877818839749132,10.756959130022759,9.850527427098172,10.877893341184922,12.146961607164421,10.636149551834627,11.421709700190476,10.031732021695465,8.339628458711474
93,250,251,1756.1095930409786,2812.0329851396546,2846.3885841735573,2894.7699006717394,2831.7011136464757,2870.109468218,3236.3125708654898,3708.0195309940136,4577.854122941462,5199.789381041101,10285.568508759632,17020.251031958356,18269.056058859136,18210.026864712287,18313.338276736176,18249.250436378687,17264.830239263927,18109.78691828801,17370.146457342715,15337.846518273207
94,254,255,47.55697932914764,57.95554262973123,57.11516991710341,57.117373687301324,64.39414485273123,61.68870683107494,67.64083644698832,68.23950184881892,68.41884437864796,64.33147003782203,34.673484935547876,51.62196485471519,53.00362356287131,53.84392165019197,52.039915845511906,51.07773184331056,54.50434996526809,55.40621061720369,49.5762039201138,51.196380248946866
95,255,256,9.367029014732621,23.378421093289777,31.52442959855216,34.065124186972824,41.163373999823825,42.829936598859085,36.185859751381116,27.358004907623034,20.75921556436841,17.675259609405174,18.42055348622074,30.61782166472068,24.769029906740705,18.38180007138138,15.882808844233459,20.817621115751543,22.33321062944134,26.674632585647203,27.51583150834513,29.479494908826446
96,256,257,67.06456049883698,91.39484311443393,96.24161361692636,104.49290900138716,111.36919592603536,110.23574889988852,108.2652643067228,120.76176680150253,135.04947430849148,131.52493017185014,175.2527754009616,235.24895720385962,236.51233026844022,237.32897848505786,270.8651096071669,294.1184608815169,303.9309736935984,256.39237716694726,250.13614088336038,392.9556316335075
97,260,261,1054.8338861607974,1570.99962659891,1662.852133870718,1593.1636237708,1479.1862165076216,1372.2722071872306,1420.4378680772677,1816.185097131608,2104.1351169597933,2096.893276462196,2136.9011647279176,3591.366036596364,3429.986662084803,3668.5218595502347,3839.9438672108963,4281.2918840671155,4217.874156724373,3721.114320488809,3694.1651356848733,4989.565213879612
98,264,265,5236.069645744116,7867.046190818023,8608.310569641246,7675.581520825568,5904.929888631671,5048.403936069073,4505.118814959507,3935.074352469798,4547.73277374538,5746.46357373013,6935.646013723013,11952.02170948146,12658.329740629119,15224.32227150083,17610.078842790605,17952.313992042316,17573.96072385533,16137.846642050532,14725.742860789664,14620.65945747339
99,267,268,0.47467009946648026,0.7711588592902354,1.423749573316915,1.364542894510845,1.3052522648642686,0.8303591353602264,0.7116345876784753,1.0083896110813533,1.601645786198013,2.31301744839507,1.4240195220742202,1.6020355989771362,1.661622873750677,1.8392745465981684,1.7206716266203954,2.01752871208692,2.017201775792733,1.9576265840152645,1.7202490290475714,1.8394948212991493
100,268,269,2127.810145201049,2865.951270760411,2939.9453988502723,2854.7332790692353,3059.513750629775,3122.5298470537814,3268.835051493547,3574.3487950825274,3834.1775920598816,3928.8665657145616,5294.033708974655,7813.441198565239,8407.163865742099,8816.573718494088,9652.516911280007,10258.241781156972,10148.921323529044,10074.294769556012,10164.993244247204,10645.957880315264
101,269,270,3.7499636212963576,5.653232908445214,7.96068262224862,10.326028944379967,11.133210520450508,12.688862649343783,15.74188583300159,16.08756483754885,13.493763132054264,16.953128624840314,11.648695642700275,14.647562790834826,12.743777990398373,11.936308242840852,10.436662641232743,9.744539913834512,11.993937339005399,10.840925254248031,11.70718888521202,11.189159072833919
102,270,271,7.005473594083785,12.100840561996854,14.011702606036488,16.969085948075488,24.39099748105659,20.85935835727748,22.25218961939441,19.46671429557628,22.656448510807614,24.627734971943934,19.7045613885381,26.947416563012332,26.946022160717355,26.77141966448854,22.947716407325395,21.03698770640273,19.993907763097948,19.760974531778622,22.137967049396067,26.7682533905468
103,271,272,3007.403992388064,4401.993185372011,4646.572596043782,4466.506441437245,4449.215452799334,4315.790366181831,4602.417551770306,4057.939638841446,3689.014288817733,4918.2612232312,8268.132857656254,13308.682738317077,14556.542798703458,15469.685270027961,18724.3722107566,20819.37149328062,21513.807980949663,19644.262559593633,18978.156397195664,21571.59942300309
104,272,273,5.777763566059083,10.38432076797902,15.693752891934063,12.949297221000396,14.878456622592974,10.504979698864068,16.168025720888437,14.802601505376035,17.887706172018962,20.040846488905878,1.5155987359515697,6.114260406197492,8.500983096508037,11.072442283719656,12.12336239628134,12.997931525964844,11.132067821627711,6.708063447832445,9.801747128462242,49.45289768875467
105,274,275,2.717066533059022,4.666310206913593,5.55227481964331,4.784880707206647,5.080326458595003,4.666634603158647,4.371269802473761,3.3083171797643796,5.142884895903781,5.615678715960458,1.300184367693471,2.245534721195976,2.777266362037023,3.190811253121727,4.254865627033336,4.609501507176236,5.3183687341138075,5.258533773296086,5.67170658910595,6.321907831950552
106,275,276,83.01578271502146,106.72145976876075,110.07601275517692,109.41952709856471,96.10864295912646,90.54461967098547,91.18649068528518,84.40398317859521,96.46398512629185,95.10253919683666,223.07110344892172,329.81498679724274,328.28697671372623,332.16137788339097,338.69149610470015,362.4750968319015,370.09050614908654,390.49950527865917,390.43815301331404,430.07367812095333
107,276,277,232.48027603245714,275.82213562589254,281.4553856379437,298.73170925491485,343.972217905999,346.98711538223597,357.26703947764685,369.3486509834902,372.1733458022268,359.186112366077,166.82941643685402,235.0728828919607,244.3459776882962,247.6574847340084,252.8210863842773,277.0574083671709,273.70396612467505,272.36307478043807,258.5951262435885,269.1646905803956
108,279,280,0.11565442971011157,0.11565442971011157,0.28913542749246535,0.6939248534534548,0.9830614307537994,0.8095800736485159,0.5782719329126527,0.4047905039554457,0.23130936245897787,0.23130950618079188,1.3299829991317622,1.5034532793773558,1.5034870133827234,1.0987083049507942,0.4626078636371367,0.4047802894617179,0.40476906861757417,0.9251918484320035,1.0986937064664908,0.9830383425513269
109,280,281,15.39588439267589,26.096172902929396,26.207287044660408,17.37493101904223,12.446312724992719,12.839749262608898,13.122262210639477,13.067795977032507,15.727806629927079,22.009997600858167,244.93379253602134,372.26441242167107,385.50725000568457,410.59127186022835,388.33304355280416,391.2341913006396,385.532696778278,384.6106083268909,360.04156644748787,367.60490523922755
110,281,282,0.6753361203137292,1.2943728619555586,1.6320388455069672,1.6883178336009983,0.9004346841695414,0.4502235210688025,0.3376723402150021,0.3939537989027421,0.3939537989027421,0.22511586407767625,1.0692019140590854,1.238023256773242,1.5757060103222549,1.6319979847164774,3.9956374682744165,4.6146841832781185,3.9956094039386256,4.727222656640364,3.432855178813276,0.7315846576695169
111,283,284,27.91540079161677,41.84465038231028,42.4543943860716,49.52646982103884,45.577560781098605,25.580810862314603,17.652635439170744,13.36994450539301,9.696951850824023,11.29227900430919,11.25213384440343,22.06092124330148,23.050600731691688,24.107259404155236,23.211410661874023,24.210553975892893,25.087753113956307,29.185740011938613,31.252988532405052,31.786885999296306
112,287,288,16.26097445009602,25.025919455164107,24.360099216243977,24.842774909537976,32.82337415625192,32.82392163115631,37.47890333324392,34.5168239699187,32.583085569638705,30.22440438504098,106.52314237990836,138.18263813415194,161.33060414072068,176.43703113281617,183.2499113846958,185.2906541407407,185.71839603080358,185.5944060483368,183.1768579167817,180.1617981753121
113,288,289,2.4202981495334264,2.662327840029358,1.2101484079592615,0.6050738927891047,0.4840591142312838,0.6655814487880563,0.7865963384925713,0.6655812709512177,0.5445667369061923,0.7260892048246325,0.0,0.18152224563835317,0.9076111615211292,1.0891333182454972,1.2101480745750435,1.2101480745750435,1.2101480745750435,1.0891333182454972,1.0891333182454972,1.0891333182454972
114,289,290,1.8559318656628412,5.219021050879292,7.017199480320537,7.075194822591294,5.393434702122673,4.233733225622994,5.10343496352,7.596947022176208,11.076297216387783,12.236590861428422,4.233131224790905,6.264115828308346,8.179674049183571,7.425559306237621,6.264138611382763,5.625558233009343,5.567195961700576,4.871977845060218,4.05968885850182,4.291644091509509
115,294,295,4434.416469417208,6622.056755928769,6895.567553540715,6605.35752360724,6266.140404400676,6106.006628535086,6685.6647020726,7278.349276467284,7400.328586906986,7091.724206621371,9440.778312188144,14264.011228302908,14781.00355491191,15645.639012567115,17012.131321378085,17926.45540798773,17534.693520614637,16767.127105747484,16552.910364610172,17407.157200614074
116,297,298,124.0110332708624,249.78340816247902,355.3811682970569,332.64077768119336,300.4126210072165,250.11069611596238,318.56725252924247,356.9449170331777,442.9270505056986,491.4517727420554,3292.9811288559313,5388.837135174088,5677.1353921756345,6652.100421289212,6949.7045636976745,6773.901874420156,6627.188137074414,6621.250411584782,6252.99330554757,5601.350095446209
117,298,299,3.3989017692882593,5.813188455787521,6.636302206272797,4.169339954762843,0.7683935643594628,0.21954394621467693,0.439083371795587,1.09771420484972,0.8781738752962327,0.3836708424515517,4.226150538893719,4.500577960186356,4.500577960186356,4.1710909295454695,4.335382528927285,4.664692319967041,4.225611962245493,3.6218812806679104,3.8963050850328287,4.719577000459589
118,299,300,1409.4373249184064,1668.839342249455,1618.055062483385,1586.5452749651568,1802.9358244315308,2201.507439857646,2305.889631927169,3260.2737878885923,3439.6501015458985,3897.762064941865,4163.517318879821,4945.48021458521,5830.514933528337,6416.766961373336,8302.109461239877,8979.557404418065,9244.270289536067,9244.021757666333,9256.387471892065,9285.186149786372
119,303,304,11613.067415838637,16478.178113868173,17467.31301433847,17015.69148626466,22834.108033038505,30573.82328705052,37527.261674383764,42272.68227865336,44994.55357777169,45127.69933848778,11269.864837311337,14478.415744860862,15089.101953384428,16438.965196326473,19926.59652493969,20483.690552677315,20249.940436240857,20994.309280034104,21986.55538993739,21930.187236255693
120,305,306,152.2353188001289,241.3899449628609,240.67797587050634,211.07665763202064,173.7468787813386,161.06384563548514,169.84428254508674,294.398759891214,396.47906536338155,385.81231085866017,240.33159290645347,360.7264400946352,381.61490371222027,411.01963847508006,433.17129206574236,456.40240604344154,452.87882841668215,425.1277061752687,423.320228076255,449.4165210250514
121,306,307,449.0455276436774,725.309445767821,803.6367870292511,754.3905562945031,657.8374462657943,602.2339280851696,587.8998948464823,708.247978886381,953.3920392374994,1025.9763638413592,337.40819722816656,555.257900118012,567.6539121348275,633.3028131777846,750.6182059886912,805.8459778603686,888.3712438873777,859.4031030201271,935.9774572490494,1072.3572818994899
122,307,308,15.565539052756327,22.833690711009943,27.437039197333917,26.043994136446887,28.527429105718458,28.224576223251315,29.73889786981883,33.55484193147226,45.42631695358698,51.54381579909062,7.994807941764634,13.143031295614994,13.627540013599095,14.29375418288987,18.654466814310663,19.805327203971256,20.77456215528344,19.139540316673553,18.59436735790005,20.714193380752057
123,309,310,837.7764499602439,1235.664787910577,1304.4950240719454,1370.4785010888195,1838.4228699415373,2194.5861168237952,2472.632916240455,2849.80783371115,3112.199886670799,3280.1759013572077,1889.8374035400373,2586.0282633713823,2671.7882302663916,2932.6312515178715,3311.3385949414005,3405.535836505111,3371.6331327104945,3438.176744515467,3504.8593729110207,3396.9747639480806
124,310,311,24.621234042452592,45.18034717516033,42.78699346896477,47.151174904680786,76.59437615854219,100.12533127668407,133.9279030764187,159.84452447144233,185.7499711804915,193.932968501448,107.52906109786625,132.14229511009836,122.32536252561812,120.13220535593751,100.38542296743249,98.8954447164998,86.17786386371746,80.97464223872386,76.60739114495442,73.68150907873591
125,311,312,345.5000333155772,474.97003913126105,522.855873793698,619.4672898969179,940.9902768437482,1058.5669936960885,1091.2358221905056,1151.9061284214097,1204.6360265405217,1122.0350807742423,74.5038186585597,120.08735274254468,126.02410967137975,127.72186806142973,120.14571133189466,122.08425447880754,123.83901937157438,122.9286997544453,121.77611770783632,145.59085553186992
126,314,315,38.55916074297456,51.53243023656944,29.189156138896017,28.107818156723553,41.14009910865709,49.603470600899676,51.822235287881256,50.92123455033852,64.14702578650169,91.72092374683288,198.2338564016182,373.5963121082506,435.0932423571774,455.74059199300183,421.59538966186267,377.75005534482,318.0631287641196,316.67886309593337,338.4591771907328,386.6557238688256
127,326,327,49.638633661496456,73.45967657419985,73.0966917815847,65.23662754145828,59.795772510565754,59.43334100470098,68.86539335095753,72.61376299546299,89.42257072830301,92.38521770026891,35.1880064519335,52.419341026478676,53.14507793937132,57.80072299815642,63.00041362889098,64.63295165868985,63.544741134826666,60.27985276674651,61.1262089542015,67.65577927892322
128,329,330,1513.8281754811173,2223.771634951736,2414.9709156919967,2410.9312031460786,2207.738507159339,2186.79087235281,2277.3749662954033,2708.7320974066215,3104.717695547925,3134.4939390122563,4193.853308782892,5637.92901975204,5666.372842710891,6105.977395276161,7466.054727508827,8173.515391498814,8129.156286613995,7929.999421031016,7968.448109999413,8198.679755683024
129,331,332,0.0,0.0,0.0,0.0,0.0,0.060428989578316564,0.060428989578316564,0.0,0.18128681775284008,0.5438605035912053,0.0,0.0,0.0,0.0,0.0,0.0,0.0,0.0,0.0,0.0
130,340,341,39.78379905647119,63.0498930256915,61.86557955676214,50.79507510063476,26.877264080172516,18.767245008119836,30.666137806390182,31.79115133825299,26.108202291798708,25.102407389402618,17.16973108496646,30.135270979272544,29.89865589109051,29.246957473630523,26.108439790818935,23.148050873558454,23.97700191619425,25.98970710363844,42.32835785097264,56.35834862694808
131,342,343,0.0,0.5469692038609718,0.30387177842532725,0.30387177842532725,0.36464623850337097,0.30387185427606095,0.18232301440398987,0.18232301440398987,0.06077433515778688,0.06077433515778688,0.7900823189855756,1.2762794488572364,1.0939559362181044,1.033180046899678,1.8230011863890578,2.6128679423586787,2.491477462994655,2.552252585877419,3.099043837389499,4.131826912717393
132,345,346,9.711261067192623,13.377181734269175,11.575163234671118,2.097662679821438,0.05827435910835294,0.05827435910835294,0.05827435910835294,2.0395079072708273,12.330472057794182,12.155434928170017,0.5824224952739334,2.327504012661366,2.096282370777614,1.4563273809420774,0.9900257387473037,0.9900257387473037,0.9900257387473037,3.204490810152461,6.813598039966082,7.221605757761251
133,347,348,0.17390011067819988,0.17390011067819988,0.17390011067819988,0.05796663337774684,0.05796663337774684,0.05796663337774684,0.0,0.05796677374076736,0.34785915132236644,0.5217591216375459,0.23192602417953467,0.3478602032522292,0.2319267259517762,0.34785964163384736,0.46385246994646756,0.5218182610740852,0.6957181612064685,0.6957181612064685,0.4637347510979108,0.3478007122647974
134,350,351,1845.4014759731208,2395.875225738814,2775.707431367073,3108.240176473574,6347.432733370075,7562.32244242016,8707.799023863477,9089.00900017678,9402.2103211307,10276.197411779664,4046.6938578313698,4129.243270260234,3984.6589821304024,3835.779824716684,3232.5173616570983,3125.670763707515,2993.331372546725,2918.9101262529152,2951.7955242928515,2980.857961464727
135,352,353,23.157975854103785,34.06027022956748,41.09666556469358,31.975129492249295,31.38784282841506,27.14211415671882,26.209646799633116,24.293467042780588,25.619752231973443,26.213673524219566,9.662046072350133,16.646795123433442,16.050140647369368,18.32950332173465,16.347028508346785,16.533731570192504,16.06489269268235,17.649258424059404,26.225582020760037,36.16918483472091
136,361,362,0.05928310755624959,0.05928310755624959,0.05928310755624959,0.0,0.0,0.0,0.0,0.0,0.0,0.0,0.0,0.0,0.0,0.0,0.0,0.0,0.0,0.0,0.0,0.0
137,362,363,3.335541666983069,3.8118576108409887,4.050363012988225,4.586282176644609,7.149595517161119,9.234846789269954,9.711315046029458,9.71091588955453,9.77052557992411,10.00865323836512,55.80373363299123,61.8775496425818,63.78459594795152,62.11530038417848,57.167999903905326,47.099000720097266,45.72908681781776,41.32052489289721,40.84216908073948,36.79402690222781
138,363,364,131.40702186709757,199.05640001495752,214.55676441599923,192.18995334698727,169.57925389592833,144.90113809260782,149.88354276235745,169.75778912324702,201.2424944384913,187.68973859384764,142.2830102522476,216.1312500324525,228.16593146716113,237.46382338020925,226.88779860606374,230.83863971416497,231.68938306420048,234.7308556897559,262.93383524317915,322.74314539633764
139,365,366,46.10231204959071,61.2525708419012,60.66055096515399,54.44531530366816,53.55553729274637,56.9870243509815,59.945780777289364,64.44302534701956,76.39231446525235,80.88787772312381,47.336078855994785,67.51288930574412,68.16442032406569,77.09844731780333,77.57260626331316,80.23513586651445,81.59596009940486,78.46176440169627,65.03370044869335,61.19009783014799
140,368,369,0.18145591528127544,0.2419411741854603,0.2419411741854603,0.18145584599780148,0.0,0.6653357920726779,1.1492157842399107,1.9960061748319922,2.9637662053545535,3.810556665274433,0.6048528197456392,0.6653382172087936,0.6048528197456392,0.6653382172087936,3.508148826715542,3.568634085619727,3.5081491501439115,3.4476642146680962,3.4476642146680962,3.4476642146680962
141,374,375,0.9501372234044767,2.137885886145902,2.019112390843833,2.0788255952807635,1.4847673280343021,1.4254951893259085,1.0096813118648749,1.6045006190868052,1.7828752878456733,2.673483948903878,0.5938796134178502,1.60364951456928,1.4848653708440984,1.6629937906010184,1.6036646633839344,1.7819516919848857,1.9006849230513656,1.7225457252970342,1.9602496918649395,2.5541116580540852
142,375,376,23.384985612616163,34.68446808165249,35.532644146238425,38.8269281397621,69.29111585315835,76.69079980095385,71.03127648424186,72.07363108402728,81.89745344347381,89.09257078685333,82.9922046723633,96.63008693003275,89.63998828309167,70.47289418703477,52.81146375774395,46.861003351881806,48.04348142346183,43.48661477905678,34.79295491701618,34.389992774735404
143,376,377,373.20698698274026,527.6185124075496,662.725371960861,549.529369668858,599.9470310726565,669.03912922559,755.4177401296121,883.5129786178993,1031.0459765151918,1028.275257048065,335.4110723837967,634.5957390329464,682.025360951836,766.9456593007426,786.1510485153207,835.3210509747794,892.1706016869213,953.8406573249495,1090.6840097947186,1152.0969295372659
144,382,383,160.759146857694,231.28581885865924,156.05464711586254,174.77490649712,217.78682352925236,894.4527756236236,570.7930419762622,1019.1884586597062,813.6843373555431,383.36433485913165,409.50292725465744,709.6354923434424,881.3769941339092,945.0081212301225,987.549584579016,913.661369981249,901.2788718815243,828.2816999477868,905.7860416227983,975.7809873196303
145,384,385,17.934298184590055,29.176053726978054,36.608161283049114,46.48101383114202,74.21517211411211,79.1495772105574,80.34220295007503,107.73286786729673,150.24277901650663,149.43047139718243,111.88284347854386,172.05389788507057,169.84107150206484,176.1053068914777,173.85238799090237,192.39220630219876,190.70117423963217,173.44900030066515,158.71446046166716,177.37247304813036
146,389,390,2.5437015864238677,4.2395343919969255,5.571959090367566,5.814276640742708,5.087438239212226,4.845128446278364,5.087361953681158,6.419859920553349,6.541022561942016,5.390258664772714,2.4225573685012565,3.876172335669356,3.8156489723625713,2.9676587559517293,4.602991660766254,5.026882988499971,6.540967068194165,8.539580217720689,8.236748763454951,2.4832286840089903
147,402,403,28.867699441420275,34.55597559926107,34.85827366527588,35.886893958600886,32.679459927070944,32.375501017023026,35.58418005656132,35.64467070648568,31.650439511100714,27.89835176484884,5.746669115299529,12.160699661999958,12.58413824963549,15.366896432092311,17.907552809759565,30.31417467353494,30.073293305183373,33.58423672250616,36.48801894914838,61.05812713513187
148,406,407,409.982005142321,628.6020498798036,785.0245688618854,883.657103592159,1094.8272569134215,1376.082045486675,1574.8664154147468,1824.0173240344798,2017.8533950384117,2194.8954587479866,1663.1095563855176,2252.896579080838,2174.2090659580167,2095.5955253326747,2134.340390802571,2237.7726586041094,2279.6094743841495,2424.057018670001,2589.570760697716,2656.893063213003
149,407,408,1255.5610721303035,1744.9795988403162,1850.6594316334658,1955.0963803020015,2311.6013308715437,2470.534298671879,2674.835692402139,2906.5195866424674,3226.8178695806873,3263.8915304778484,792.6542290199509,1108.6326136121959,1156.6928446660845,1240.2813590659357,1468.5124614812164,1605.1763677833085,1637.869344427352,1582.1398447425665,1587.050531746824,1679.1800884902245
150,411,412,5.428199563292028,7.027574271022521,7.199201975702197,7.027614267061837,7.883470092354285,7.3688238420122705,7.02699834747013,7.198588853469748,9.083663133020908,10.226061144288556,108.24388061629828,124.86869112274499,133.60942933317435,141.03779584622654,146.58438886140624,148.12828520729582,152.98057002564758,153.32478173170068,151.26792679756434,147.78564523227428
151,413,414,135.54058379791527,219.48299332305345,229.22207329021046,196.4417072291982,192.0537382425312,212.85356300009624,254.26734189623772,281.047020329792,311.4377028678979,356.19525686224176,879.8651733197617,1102.8916621053213,1163.198671252357,1226.2041313773773,1267.9991658351112,1272.450891209353,1227.1472197716564,1198.323094667489,1236.1747882611958,1279.1363854546644
152,417,418,1057.8303296438141,1512.0649215111328,1580.2334155078142,1702.8462363659999,2010.0914164375506,2315.7927575227263,2521.037660974796,2745.43313082722,2753.964986204537,2620.3521997654802,1386.9805334368302,2159.520324371706,2344.01820759983,2419.479038700133,2508.792511186641,2485.739653504236,2460.2254119962395,2578.550036473001,2825.8486102707016,3049.041943085412
153,418,419,2.4671847997172085,3.472204207436901,3.136663581056935,3.1366653077646407,3.3649686112863653,3.8778473753650498,4.459433772893123,4.695167679163572,5.4410823476164545,5.610107143460884,9.36457296307446,14.619002734040624,13.716599976474626,13.265178303974011,11.798239491511282,11.238905916829374,10.277028031093305,8.359868893514097,9.263150394774591,8.269790610679763
154,425,426,5.720601538455416,12.082225099481157,21.18840562519611,22.18097106404905,24.39924363745263,18.15594382449195,22.53539192036659,16.920866512234383,18.72659528540005,17.326119717477056,2.451417828243791,6.885981101315836,7.001864159356387,7.761192787198628,8.81105367660403,9.160929718990435,10.387810814522279,7.939247909314108,12.78371465110974,39.75567886582242
155,428,429,1442.5200739397035,1754.2810644257072,1859.9701092118378,1943.0169243124728,2021.525191262677,2179.0357204131305,2258.3855930345626,2330.5972131596145,2414.2855282297232,2459.3672805859346,902.8547667964442,1217.7308754096457,1177.3641991621491,1237.1790374312066,1301.8588005738209,1350.916777365343,1397.746165425344,1338.960323446228,1434.7961021946016,1600.5898454812236
156,430,431,211.81319938607876,332.8966120870107,387.55322998718077,417.3261736048282,442.2405653086114,487.2388378373628,515.8020436265228,522.166142203977,487.5610253211356,479.1701503951177,278.0042188286799,394.56293149483724,391.4937218932654,366.09008157155967,387.04533680766576,391.76552298873236,419.2407584919284,438.9243605985591,467.895834497245,556.4607202067618
157,433,434,0.2398693321094758,0.539656741105926,0.3597385676265641,0.059950928011302175,0.0,0.0,0.0,0.0,0.0602954488433385,0.0602954488433385,2.165554405599903,2.3454077277355667,2.2849964121915733,1.2003629538090506,0.42089604816119275,0.42089604816119275,0.42089604816119275,0.42089604816119275,1.3860455281896613,1.4464146554135555
158,435,436,40.627522631404894,70.16688276134231,82.64815571933467,76.01673696773054,62.21268043550345,58.71657758598842,80.96018969332681,88.31692511570486,64.57268283886367,55.22998965669595,12.541496201479356,30.92978921864935,42.14321905895592,36.77892723971823,28.157063079086825,20.681560771676413,13.024544095160826,20.076698988131987,39.30582177448631,45.63416149749214
159,436,437,159.81877808869575,212.6455249522627,183.2804436063825,158.79793332808615,127.27469336766684,156.5457335343038,216.41602623200376,220.9832079257539,169.77528545264903,102.48519121984663,1031.5929706854615,1197.6339512140357,1218.8313824662919,1343.9505787644678,1743.6445931166738,1822.0488471629121,1724.173938343601,1740.4286754406212,1952.2390514336962,2271.212592068434
160,437,438,805.9806449363692,1126.9124488888237,1227.0724853602399,1254.843889746918,1274.6530798524877,1277.2878440155332,1292.8226353489006,1260.310908615582,1129.6616042607984,1035.9503954025163,423.9681382349333,669.6530604695536,704.5584554125193,792.8602233860677,898.0453746315184,997.0253986631163,1015.941511649389,1068.1974884169936,1252.9054159744599,1475.5023821883747
161,438,439,5.101313541451095,7.862095840626471,8.102125421793627,9.662675241253844,19.985709385559066,21.246129385232095,19.685676061421898,18.425230043405108,21.786238104066655,22.626456708455677,7.622363495379105,11.643600651153962,11.34349205303964,10.083105381982149,6.662065040210573,5.341666942575194,7.382182706558739,9.782794264317044,11.823419285035213,13.86403715265585
162,440,441,2047.90713958563,3030.2710495149718,3166.2019636317546,3249.628428613348,3441.9952230968634,3777.5395584573475,3954.14566776856,4553.438259988615,4923.929610621881,4917.469241910921,1569.376492340748,2569.1643659943634,2695.3463213505133,2838.8371242478083,2979.374539919079,3137.738039810516,3180.833032559134,3091.1920060116304,3092.713478125659,3226.315453848461
163,446,447,1.502960591859903,2.1641984247132102,2.524427273911603,2.2237869645470987,3.1253817243216897,3.4855031195696125,3.4255051950237547,3.7259042613130213,4.146374311824212,3.9058735526672557,7.150224106944377,14.301490808290005,12.01818907062493,15.563232586906867,14.481636660189501,15.20333427006404,14.062262272088036,17.667438059507255,18.508658876837107,15.384392872536374
164,453,454,0.0,0.0,0.23241578929214002,0.23241578929214002,0.23241578929214002,0.17431187621062286,0.11620796312910568,0.11620796312910568,0.0,0.0,0.0,0.0,0.0,0.0,0.0,0.0,0.0,0.0,0.05810398156455284,0.05810398156455284
165,455,456,0.0,0.0,0.0,0.0,0.0,0.0,0.0,0.0,0.0,0.0,0.0,0.0,0.0,0.0592062542341072,0.0592062542341072,0.0592062542341072,0.0592062542341072,0.0592062542341072,0.0592062542341072,0.0592062542341072
166,457,458,1355.700719859325,1702.135309056785,1504.708358930339,752.058426342717,171.391683595673,119.65945061774259,131.03003325114076,123.4327029725795,141.12238255020847,152.45937362230728,544.6366429967828,906.1040947693213,944.296189090323,1195.8150195474066,1488.4120417794488,1587.6903802520992,1548.6826823066176,1544.1872646167333,1558.574636009092,1523.8045751825637
167,459,460,0.18177208606670922,0.18177208606670922,0.06061366734783894,0.06061366734783894,0.06061366734783894,0.0,0.0,0.0,0.36351968097967224,0.36351968097967224,0.0,0.0,0.0,0.0,0.18180280337721796,0.424225579419924,0.5454508464987246,0.48483714419179624,0.24240267320247597,0.24240267320247597
168,460,461,240.59189500244014,352.66806345425636,382.38801769315944,360.3542089681096,361.56168390296114,393.7931783849868,416.6584691899816,419.98722240532106,419.56815895495225,368.37917545995805,215.90384319276464,342.9188177473777,341.5109305248149,369.22699067435343,353.9940244345976,363.2736998842111,356.6758097814842,390.74378445578355,479.6565121202407,717.7198992823484
169,461,462,2.552294053748032,4.496870714023479,6.44145509230131,6.076875910194629,4.557736567197388,3.463861192160482,4.5577394851709405,11.789211925581299,17.622987445011326,22.605934329950326,29.29074599308953,43.085365475480046,41.20144662519007,41.56591964017249,49.76939265698789,54.995386094471954,57.24379525101516,55.42066106504113,59.91745671930564,59.492163324520384
170,462,463,1390.4522000796217,1916.6849327368016,2232.9923477730194,2461.1906997133974,3904.0711796639816,4403.8789803063355,4830.436278329055,4664.174067919081,4767.559762823914,6226.19432493379,2457.115460539644,2991.6061911014344,2754.7409640249093,2307.132704740623,1669.6907625892186,1545.3500939011387,1681.9099715313714,1639.8846799127691,1697.49036440942,1821.1965224894905
171,464,465,39.830835785991056,54.477355303891684,60.018128672114734,62.123020645104205,61.36143579037379,63.70689572430332,65.01357764486742,69.76624889411899,70.53925215730136,71.956766416178,83.28770664668293,115.3790318452605,118.81330635740495,126.17189394706736,134.9074615907566,137.18169823749355,139.20510268191498,143.34756727818214,162.49469545363195,173.3242094517007
172,466,467,0.7757427416050457,0.880148519819686,0.982942422702806,1.0873471207192313,1.29313093353732,1.1370802757760636,0.9297280701362232,0.8785386849457759,0.9829414625315092,0.8274466539345272,1.035218295971795,2.024029926835666,2.021435810302433,2.177029731721775,2.231245440643349,2.649863620401293,2.9625192174879134,3.065467206078024,2.9088633397769454,2.4912523494876746
173,474,475,0.0,0.0,0.0,0.0,0.05619256347614757,0.05619256347614757,0.05619256347614757,0.0,0.0,0.05619256347614757,4.042916761365727,4.941377729679318,4.8289150808060874,4.88510755523346,4.716530488150632,4.941299940611216,5.053607100397858,5.053607100397858,4.77264561876298,4.435491662698222
174,476,477,4704.278178435675,6971.77169103544,7648.4574729040305,9226.433446920397,11702.904943471975,12439.954218195713,12272.952396677905,12294.52084603014,12597.375365758397,12565.565685884096,4304.798697822723,4939.89046089304,5028.274617643164,4809.540529861196,4636.242137095668,4786.3249391455,5093.257135871852,5186.199359638872,5282.334287917374,5645.358669470453
175,478,479,472.16823493479535,648.5160151269262,741.844984487143,863.7123371100785,1129.2236278471626,1263.2380882957862,1327.1532147071741,1439.5447186564375,1579.4401139569466,1641.4874809392745,790.2688467044698,1024.6296584936454,1005.6979460237981,915.174991140238,812.9109529972006,761.1320676066402,742.697647685036,776.0461181783539,795.4440326574311,753.1435123538292
176,482,483,7.554635426954455,16.646863021411654,18.762459866456485,15.231162467311115,18.12747125299855,23.00112052225637,24.51092189306388,26.1976061203278,20.466088447084417,7.223422381056328,10.804548584662212,15.962779705701056,15.904826560176984,15.309195806872047,12.680475484503106,14.21803994852758,14.042410637103988,12.385774631764416,11.964562028990546,11.760662454512094
177,483,484,75.84225081756384,98.93428974855664,100.37145865415876,111.14077223298811,130.5193647512478,135.54436813162204,140.09139038815815,167.8959055704992,185.7114460551451,180.86618594055687,34.62428216220358,48.44274511057831,50.419609186163655,49.40125801213456,54.780008381274875,61.65994210315709,59.62844152043899,38.763703772405314,32.18775656350828,37.4497247733096
178,498,499,5.917006552080054,8.156908000011265,7.295306900657446,6.60625923932252,5.45737186185559,5.112552580895719,4.767812353546584,5.112635966586297,7.353096840521905,7.697534747894993,47.69564720892331,63.14043952917244,66.23951032648804,69.05206075665649,70.60123831968133,71.0017230026549,69.90847170435049,67.43843637988883,62.613655727250524,61.98362289865658
179,500,501,140.1014751632725,250.33994037682123,271.9487308615524,223.8198886087175,204.52219730124713,280.0794642756039,292.34327681655094,277.5895989284834,293.3086986835073,405.39713519598786,5978.045696504361,7621.508424272033,7673.731245141479,8124.464156748659,7100.9227367220055,6444.096507930476,5916.6906256877455,6405.161543703473,6318.349047785575,5730.187010155388
180,505,506,415.5838159196733,693.2112139048791,699.3834764548601,668.4252116013323,640.9695131273871,621.0910808984473,583.2652072576615,592.2685029638628,656.5691950015951,769.4883953067068,836.8920873516724,1193.1763572075688,1221.5536712317798,1247.1343377201113,1274.0806742134537,1309.5435292815248,1427.381564780481,1528.999137517307,1619.5863335030363,1704.6178542331597
181,506,507,0.0,0.0,0.0,0.0,0.0,0.0,0.0,0.0,0.0,0.0,0.05894662175698971,0.11789159393377707,0.23578563357008397,0.1768387843421259,0.05894497217678736,0.05894497217678736,0.05894497217678736,0.05894497217678736,0.05894497217678736,0.2357850080435986
182,509,510,2.3291964404410748,3.46522079908276,4.26060669416131,4.828119435843678,5.054055433859858,4.7701857040678926,4.769947414393937,4.996867777197815,5.396003665231517,5.169769828028381,1.5892842445543405,2.4395080964244924,2.2688108893037646,2.1558556715297112,2.2689547307054987,2.156044194067162,2.0418728892686464,1.8706091556799336,1.7003606369813709,1.3607481151246767
183,513,514,350.5803164344909,564.687055066928,571.9706758920172,454.9644214607544,281.19226847137304,270.11885956992023,257.0763396891558,243.38579867549666,250.4818612580753,316.37857099179666,276.1758083491596,448.95785051741666,493.3068031234261,621.8459689819229,746.1080984444944,747.3811534608299,695.2475950879733,662.6376273137478,674.9100790393088,750.1899955584257
184,514,515,0.0,0.0,0.0,0.0,0.177624194048976,0.2960397611147623,0.2960397611147623,0.5328720549568206,0.5328720549568206,0.7697043488816969,0.0,0.0,0.0,0.0,0.11841625236332236,0.2368327155876932,0.2368327155876932,0.17762498477703637,0.05920783625425764,0.05920783625425764
185,522,523,2.951621094269319,4.7224977711742,5.725887108655218,5.253697611818157,4.840313643992982,3.836867591264787,3.30576754992756,1.6530736313126972,1.8893565180946914,2.834094448962053,0.6494323328465131,0.8266114957186224,1.0037608840435137,1.0627562396803445,2.3025019200767853,3.188010905448156,3.6011926695613585,5.430926095974739,5.017578307079702,4.663371747253621
186,528,529,1253.7536963969605,1812.407356019358,1616.489676408693,1159.9454387789572,959.7454527395661,1015.193550294427,1123.9037967859333,1311.4882162213075,1588.9718717906123,1556.297690567419,2693.0839137772937,3739.9730145386616,3904.792096920893,3418.902571999269,2563.019710025124,2251.3877343427266,2303.7422849987856,2587.135896408699,2892.989199483488,3146.507569314502
187,529,530,677.9884681435227,1028.5841007109486,1113.2933904305444,1202.4905876979797,1619.6878613646504,1807.6705241554757,1904.447719188013,2071.3127535003773,2109.0687199949566,1753.8425281713508,794.0481364219219,1182.9232153939497,1241.503363726728,1333.9239206733578,1505.3420795041181,1660.6219708565538,1697.2129415278227,1632.8091267224702,1533.657938063729,1500.8276023537537
188,531,532,0.772429278505661,1.3666090083150553,1.485443207107027,0.8318332521987187,0.297077729702972,0.1782529218281465,0.5347586672623075,1.545017482302263,1.4856007260589403,0.3565370498843103,0.11882992141560061,0.35656002071317316,0.2971476906025516,0.7131244334669022,1.24804228328201,1.604636096855796,0.9508870429027604,0.41593728065747504,0.17827409207759448,0.05944967795497943
189,532,533,93.27409198319566,138.42092927436022,146.20759018284753,146.1831576299145,165.17307211635156,176.42030663533023,188.10261644374327,182.61161972851315,183.2785332768462,200.35826289023407,88.18721894726961,143.13970747640394,167.667919235446,190.81396840595445,211.9134570722081,217.54001366214467,212.79607384570977,211.1267928771586,237.4465273302103,261.2270352671123
190,535,536,14.925827731130498,20.850106101896586,24.46924799720658,23.091530589931615,20.620840066313598,18.844158120323367,17.922955007259155,20.39431135436567,23.668168800549125,27.91667800745747,60.96676025684982,70.06129820394996,70.80349997138116,73.66875419716601,75.73375568906394,79.12171874477693,79.86719607680742,77.16893298403579,74.87861089824824,75.40110039763522
191,536,537,31.667349074343583,64.85411808259552,65.88739683217207,54.399472811376015,38.779031193248294,19.875484840649257,29.41822843400031,25.406753069771135,47.83578028549996,74.5193315511959,4.376318011177662,13.372122992475838,15.621025490584378,24.06963208813375,46.984238291812815,76.88904229934053,65.03672507725979,64.9759201108164,38.414235672411934,22.063823857207442
192,537,538,244.7011283335533,399.2345402281153,440.08871214165873,524.4291281316922,764.5889473936791,968.8527316504357,1040.0688037999685,1091.6876179120686,1147.6116142596302,1165.3295408007848,355.118500194935,469.8308593652347,486.90820762672337,519.5235805374008,547.7032628779012,550.4360923517996,546.1865674733597,574.2370224239179,633.8587420394235,644.5461919519691
193,538,539,57.618452351918556,84.73478340602041,91.59365852510038,102.1920497892489,111.02743732227258,123.7249354420165,131.85041703943648,137.30421172884607,121.93545792796208,108.00975802305197,925.5617948068668,1292.9278086489708,1268.194056708904,1270.747164424996,1250.3945726784277,1266.1424544201573,1189.186659160852,1189.0518436552113,1276.5549316900067,1305.7038791181194
194,539,540,121.49551977050535,245.2611091688329,311.7118777382939,332.9643502987986,391.2732021490091,306.08020354081776,283.25684758812497,267.0833292282687,370.27749254920514,427.8563759531871,152.95993098889187,232.76386595946866,242.80890235528824,239.73654459791902,242.50270714750027,233.6745080831981,238.4068240964968,263.94051319521895,328.34166448484365,361.86388062856344
195,540,541,40.1535934926293,82.39878713837808,102.53315113137066,114.48747332091729,105.00798063344133,83.9084055598062,94.90193431378673,148.2798584675968,259.7291947586652,307.1439685327168,101.3358544736742,185.27617945822627,263.5380192817629,269.68431892248316,234.1142933725423,210.64013992421093,207.97316977515163,160.16803485593843,128.14243708947134,155.16697108289395
196,542,543,2.4314578797819295,3.8547798268620928,4.744577760264837,4.981795132595271,4.685277064054063,3.6771768434137786,3.440028156183577,4.0330582474681975,4.388890081188537,4.744907664022453,2.9656263049072495,3.7366353165713755,4.389213100661739,4.982329793172514,4.211265924775095,3.558690720858406,3.8550274550277797,3.1433087414771204,3.7364674759552012,5.041267101133826
197,543,544,304.5615464783685,352.5324322932682,332.28082082273954,288.8474498375019,371.41587504458096,539.3684692493234,598.2014401709333,615.1444625243554,659.3809153456016,798.0905193550861,931.2151066041678,1167.9794475594447,1294.5453628973232,1415.8419739606081,1608.270913468669,1688.6112800588137,1775.3500039442538,1891.221463909777,1985.7272055003098,2161.531382005395
198,544,545,44.40721904046573,52.52585892600375,55.35096485400188,58.682030451656,68.2704810035262,72.34719508205808,72.73227958802116,79.80401136736255,84.75452282008526,84.34956941483773,91.05448805242055,119.49500534702636,117.47761453024093,130.02687630098336,141.44379535600905,152.04241478410842,157.5110425803225,169.42379830660906,177.37773387589212,184.12673310549494
199,545,546,284.4256056481669,477.3256799948718,487.1746346230063,435.6316430240135,295.9357122071184,255.85619030138028,305.149582708633,346.1667242065606,387.447911685357,418.4702306641817,208.4624348908364,296.04857469518976,296.6236314437998,276.3994648171907,314.2580542170318,343.40852826319355,303.4868927831722,296.90381883410566,400.4656096302118,483.94448375364226
200,547,548,2220.43849752644,2538.9741249857166,2430.115746427986,2230.2667639855817,1976.553573128893,2088.728778560497,2070.322183922093,2105.719813150059,2178.925567369904,2099.657397022855,3445.213401788663,3972.543399861029,4400.125877236132,4924.488289001668,6052.577200379912,6435.48734325703,6706.508798287293,6823.380371997732,6947.255479047894,7157.0624505023825
201,548,549,12120.828874373945,17241.244415786085,18799.491005136955,20464.976626771426,25129.94147763077,28624.2010844834,30920.879010579185,33857.54676549017,35926.78995997374,36197.23858342658,31576.500402291724,42699.3679130814,43900.60599423919,44098.295680933756,46985.00655150787,49021.029301547715,50336.7947074749,50703.727448992504,51429.25887508271,51817.24002169444
202,550,551,147.20421010982727,183.39737220365424,180.0053348821909,127.36174730431716,55.42004567984108,32.48012553214476,26.68216620270688,31.54389493313124,39.12606533199315,42.31016334835913,7.695441792707351,15.629329071341,20.206001768080142,58.151944042815245,138.5014403738186,170.82374214127344,176.44787721149157,168.51859547872954,167.30596652203093,166.90152161089947
203,551,552,6.699295165273082,10.851925742741106,11.242872882187278,10.907672005786788,11.009245304390323,10.066901868782379,8.396005152307271,9.50868847652185,14.343175964036499,16.29185876714331,10.950849767720754,20.122381691807846,23.28035967047044,24.11400918939279,23.18365785173588,22.172288377331792,23.176730811283996,18.41264387990207,14.10778847291556,16.2017451950071
204,552,553,195.59787880293047,326.3154586341426,361.6615056389501,366.3050759860366,356.85267151158814,351.9299838319513,382.6840253751293,484.3275719386603,593.3579018807213,649.2568312343883,672.3886340598133,926.6480728409015,900.4701618414615,841.640637181535,891.1480424034419,912.6443087630137,875.1231061004672,822.9413653375398,860.8849995899684,921.9557478871861
205,554,555,1580.9799622372298,2030.1280228666808,2205.7231517439477,2382.112750395652,2737.9335681823945,3012.072176428944,3288.6834790592457,3669.8589496049285,3863.361293233116,3971.684842710859,2200.1138556609635,2716.748943493923,2737.6697774139957,2816.7741721142434,2915.3730111118484,3022.7566936949206,2996.253256378372,2830.8299587071324,2824.3620113876977,2995.4340402762186
206,556,557,161.65276316474558,270.5472177242027,297.0883800341839,256.9453177122135,224.7567841424135,208.5882825752721,228.25247215364809,229.76702421202052,253.69484129969373,264.3714219295936,68.81693780182033,133.2438301605302,133.636588862369,175.4738206496146,215.89523996892825,242.20364665012013,247.34014181128578,260.75976911864007,338.46552892772604,393.547934446839
207,559,560,5.063416840815427,5.123378955256464,4.520276379278937,0.5404679881071623,0.1807045123335254,0.1807045123335254,0.1807045123335254,0.1807045123335254,12.065933837490787,12.789984271289692,140.90763783353842,147.86325779501175,149.79763809226498,36.02753587732014,9.464108181256044,9.464108181256044,9.464108181256044,9.464108181256044,123.63427717211704,136.12568797935188
208,560,561,1019.0665105139421,1347.111714604352,1362.0370511051271,1372.8457455635933,1815.87141139363,2145.4848237948413,2395.914370606095,2599.827726652053,2801.1565863683827,2847.9709950481265,1685.8325789319704,2241.679807454847,2485.541130529753,2875.55707977225,3841.686769394118,4237.777394747197,4425.4659331411285,4668.762138093563,4967.561419463605,5068.428913720708
209,561,562,94.81553847313627,161.78514415483244,218.1433442035496,242.54423009297886,309.1727956468168,360.8575310975588,399.5492261916559,428.3518853763291,420.17049802310925,397.508741658297,99.1677213919383,134.58870747949157,132.22729526447765,132.28807359455377,127.74062804436038,130.40968518388306,126.76742070629618,120.63957936045513,121.12439207089159,121.7276043935762
210,562,563,513.2874000676492,720.8411036038715,746.8756276137374,778.9473238824187,863.4578931645899,882.4122795248817,919.1961319346392,981.3073700666421,1010.8071776615982,995.7844711530948,737.0049247784216,1249.2439614560458,1250.8557980771561,1304.436759344937,1310.926308186567,1387.982372434185,1456.8036713939114,1418.4648773663719,1277.5680642929415,1297.8405265701422
211,563,564,5.15936612843779,7.026443810805171,4.7254023368137705,4.124068026082737,4.884174826491956,10.772907975524209,14.751855098191747,28.51831066734592,31.211330139717813,33.08665746064773,1.758213142646336,3.458352925626915,4.720288967362357,5.159720849954098,5.543685221518301,5.214352655158738,5.43358133596152,5.2688430905287,5.268870187645991,5.213977270798269
212,566,567,22.326973728282745,29.735180292229217,31.80162818829894,31.328188761645325,29.61106125496429,40.93652800561633,44.02354265642246,48.344778521698075,47.571718342970016,49.11857620322139,14.565916061342337,24.392782339786542,29.249730767258285,35.05671450426914,44.24440651377823,47.62520620584447,47.91786427134202,49.16338149036704,50.35056344102947,52.0693339285132
213,572,573,4.937422165363928,7.357151224898551,7.30088950413841,7.817509857671062,7.819695534281171,7.937459456371861,8.451696922029194,8.281448153399257,8.228450465508422,7.940098092947297,311.3593365869839,419.94631616701486,435.58536851670885,471.71540342450555,538.3370406888619,570.0639962340656,547.352693689623,555.4078827588752,588.9314053445397,597.451113147754
214,574,575,672.1268632113552,1292.2366986081306,1136.480828724433,726.1852472222635,317.8041037902989,243.3083461717014,347.5932214720615,424.86601578911274,430.5513422802026,429.33984121928444,212.3080748372827,375.08703042301306,413.3019508230116,504.28566092848155,560.2279098904983,577.8580800411437,570.5568791666551,557.5657138962279,541.9138973502193,550.0147345847122
215,575,576,0.0,0.0,0.0,0.0,0.0,0.0,0.0,0.0,0.0,0.0,28.624949635913136,31.946885386397692,31.397160464802756,29.842042773519434,31.948323661086125,30.6838284899199,30.51721657738678,30.24216711960368,29.632547186889735,18.755103448407407
216,580,581,13.665711128649166,29.067828808653086,29.298858998724302,23.682204056332406,18.354161758424777,25.995402591984057,38.270486824665774,36.767158230646565,16.79258127863743,12.969771025677987,9.380565385570959,16.269903065828824,19.51217374287665,21.596596519524617,25.188209081252914,24.784253870945708,19.74676017747774,18.182319684125645,25.76650476639509,38.332098441254445
217,583,584,3587.56108440764,4593.053137915512,4917.254813413123,5172.619313660197,6190.146109863677,6710.847677274033,7300.475977124453,7747.085742584479,8111.356192082093,8267.71200217276,1750.5795601224152,2290.3639273904696,2281.0847408132763,2257.307893679406,2310.444222495484,2470.9142549767053,2427.4148926410894,2306.4970423477866,2290.1090602665113,2431.867248381075
218,584,585,26.140984062733516,41.41734368445343,43.704371076056255,46.516431905055484,48.223926362780034,40.61914931905035,38.922645921269094,33.72599535785745,33.19980685895334,31.382496988010445,129.17117650953966,177.74739216881517,178.50521992834115,181.02254342505785,178.56070078986912,189.86755063278608,196.78402032291456,206.92933867348978,205.6859030047628,214.59810496596194
219,588,589,5.014412275319671,7.234242349080842,7.292081902755021,6.218775736524309,8.477455952033072,9.301374950129553,8.525979649607708,4.4803908905298755,1.1613560061451247,1.160967051465349,3.429134278217202,5.035519723052741,6.3664840520422965,5.483054772018,7.41734012397294,7.75298514187109,8.302057012709184,9.96922477460187,10.753333147242598,9.315101568115363
220,589,590,1.143614622934588,1.7901952620338006,1.7356280346175288,1.628149045555574,1.6835503040308892,1.3611162556130356,1.5796234194606606,1.631660126604113,1.6325340759530138,1.3612308165867995,70.6458189290992,87.50021432437843,88.22210817406719,90.77433693731979,92.51780438849752,91.37744166695887,89.75857034407329,86.09702527262678,84.00092025464714,73.29165717469704
221,594,595,0.0,0.0,0.0,0.05765951996555953,0.05765951996555953,0.2882982642944208,0.7495751623158089,0.7495751623158089,0.7495751623158089,0.7495751623158089,0.11531926141601008,0.46127682418171007,0.3459572674479595,0.288297895143831,0.17297855989411784,0.05774473475755914,0.05774473475755914,0.05774473475755914,0.05774473475755914,0.05774473475755914
