,index,m49_un1,2007_area_gain,2008_area_gain,2009_area_gain,2010_area_gain,2015_area_gain,2016_area_gain,2017_area_gain,2018_area_gain,2019_area_gain,2020_area_gain,2007_area_loss,2008_area_loss,2009_area_loss,2010_area_loss,2015_area_loss,2016_area_loss,2017_area_loss,2018_area_loss,2019_area_loss,2020_area_loss
0,4,16,366.5752240035811,597.2201046746637,605.5301415849029,483.47474495293045,304.7781098577066,301.180487627087,300.4128136893304,285.6826967382978,273.2033182569011,335.28781619438473,287.3224985269366,468.0209379402924,515.6772504462515,646.1289370143942,773.919460047286,774.7940657799003,717.5088424087771,683.1039626768003,702.84876713805,790.6493970089516
1,6,24,242.83378180299317,377.3121978356888,390.2403011664687,382.4937018398357,403.40030615686527,374.9339616261959,417.3161929724669,389.91217980920027,408.0874395911656,415.0160719434993,693.4139696007135,1018.227803501924,988.9286327418773,1012.2165906326334,1100.8437401191031,1378.7985773259775,1406.5443115208095,1648.143820143225,1562.1568565137075,1674.3456791340766
2,7,28,8.995709160165699,25.945025830287133,32.903677019233754,51.646436320087616,43.58173213425179,46.710877403440406,51.809322588766726,61.49449404205431,66.01707080654177,69.67043446860248,79.24478988235249,98.1657602609574,95.67184361790854,70.72337480872777,58.244956151873055,41.771401148467454,36.669977232674626,37.65786732072697,46.129917342818594,60.46646677715797
3,10,36,14410.358286575101,21452.911046993046,22664.987235827197,20651.670409735718,18479.427624407534,17501.963322462583,18567.51254159386,19630.615755042927,20246.096639482956,19880.86529983825,35885.05594860984,57850.83673000536,59000.13293460455,62965.6200583435,69871.58526500736,74531.7027787611,73270.8515083274,69959.30886284412,68137.04635041014,72736.75339318284
4,12,44,300.3759960096014,683.8522146601648,1054.1646655126376,989.6062165696577,815.3443713955512,651.1988226765563,817.0960034566042,945.3265577352038,1192.942349400978,1346.02448356132,10776.357491497056,18770.498921961596,19392.308046418628,24079.91983554967,26655.231433321376,26368.723789077994,25567.20632894878,25177.9469102667,23462.003069141003,20563.99326560183
5,13,48,26.205569993371096,31.35585969050355,32.94468920745339,25.4455170033632,2.73724781664024,1.1492920480433624,1.1500676004213846,2.08214368528882,1.5891581039220302,2.0243741644152347,4.7187594242274775,5.10258530905277,5.157273522505403,5.593711828387397,7.563000654277674,7.947009881036651,7.507929523315102,6.90419884173752,7.178622646102438,7.783103039547198
6,14,50,15577.676282526014,18301.38204424379,19236.13295248013,20502.36398775902,23625.756872749054,25520.555491258725,24753.124864911046,26947.197356116423,27058.393920214632,28530.965940275026,10445.88497022729,13803.78250136792,15635.663413472457,17172.877350496547,22292.41924112251,23648.82281312172,24074.304452633864,23703.070898946542,24606.440344350412,24934.03248694356
7,16,52,0.5332800495039148,1.066552197718012,0.8887973274966652,1.1850580089360314,0.5925271331126108,0.23700761974861562,0.17775445412897883,0.23700517639486285,0.533261854978456,1.1850457404836983,0.0,0.23700299306394912,0.23700299306394912,0.0,0.23701338997725985,0.4740243366374024,0.5925287964117976,0.6517822218492878,0.4147686759856774,0.11850440772621332
8,23,76,22912.59620435984,32306.435338978958,34103.568331285205,33120.36625236894,39437.46206041378,49041.33633355088,59384.61462898405,66170.7912437179,70811.43983361847,71210.52291015678,34627.68460943104,48297.436269271966,50204.94617425506,53843.24763848209,65728.12598240809,70110.8154631449,71050.19429049602,74944.00961508855,79942.31721964155,81109.82430163957
9,24,84,591.3604899792151,918.7132202849638,892.3165157158315,770.217050340714,678.732316080543,654.7773295239382,739.6126601990193,1031.5327607011038,1179.3687219648496,1147.7368166262559,2154.9854035715944,3345.7404917745416,3707.8650700783674,3976.324051705733,4218.665024941615,4379.919135336505,4211.569842562125,3772.8961270748905,3593.502206716777,3785.371415725892
10,25,90,918.0525606944575,1468.3888502162486,1612.4617716933428,1504.3062126075558,1318.8187603626754,1199.7383872063463,1176.9212246047027,1413.4007907203966,1907.5293218962674,2034.2651764668049,695.6170021738648,1160.884639906342,1206.686909155824,1334.5298379384737,1593.8447533236686,1716.516842392738,1869.2217203139144,1790.7901243751119,1940.5884055355084,2199.782559006091
11,26,92,3.7499636212963576,5.653232908445214,7.96068262224862,10.326028944379967,11.133210520450508,12.688862649343783,15.74188583300159,16.08756483754885,13.493763132054264,16.953128624840314,11.648695642700275,14.647562790834826,12.743777990398373,11.936308242840852,10.436662641232743,9.744539913834512,11.993937339005399,10.840925254248031,11.70718888521202,11.189159072833919
12,27,96,98.43078364756609,143.2555496547937,170.2716868167499,169.3028771209404,176.329770364759,163.0031721905585,164.820373017497,182.56877685016968,238.11514079163857,244.71735655294657,81.28880386477056,145.85922141269847,135.01545877479296,151.30974336252234,206.91958875910302,234.78484157677616,232.3622509580377,199.10689688842803,172.27030813454456,212.0664283305362
13,29,104,11521.387109740077,15693.945973346594,17116.433694188774,17700.69085078322,18887.414243134386,19899.14846252685,21593.720751335328,24215.2140495476,25016.919943004825,24957.20450417257,44624.45159683373,57676.86932448399,56238.33325264548,61835.941679070325,77156.49179792401,79843.51331964883,78894.44169836676,82335.63603931191,83019.78703435582,75164.50860519057
14,32,116,164.91394859416584,341.6009458647958,326.53289603821975,349.404250761174,371.11352630795824,419.0360214564264,457.3281291245287,478.90013734114024,610.0625571328256,809.438754882701,2315.5213689379543,3296.992216284908,3553.4641473278825,3711.9173334862226,4187.373707913685,4294.264520340972,4244.612418626085,4074.4560871238273,3819.7635615295285,3369.8333977122875
15,33,120,1669.7042981977393,2269.9732153719815,2407.1128103261817,2701.126945232065,3196.4921053124135,3106.929718603953,2965.510143014999,3014.1650503660176,3347.5346350120703,3439.2619774542995,778.8266480244639,1478.917771539634,1606.6110874108867,1695.0040404710712,1728.0246523068818,2165.298199063644,2364.1034722851746,2434.0290148127556,2288.553949872795,2706.0528409133003
16,36,136,15.10510974104499,19.64049616974649,17.917941261496384,16.309132559710186,14.126346868811313,12.575414034294191,12.116373993882583,13.381723653877756,18.207479160940043,17.920919425047305,126.25935925182912,164.86050522001847,168.24937964999705,178.29930215719054,203.4594830851393,212.53528685440432,211.44287365520424,207.99498640484572,207.82203020822558,215.6923386023665
17,38,144,822.2705275539523,1219.050648279167,995.4585838807956,993.5768249979602,1043.5543495914164,1097.0076070517564,1067.3279649549283,963.3754165352591,831.0823932187632,1014.9938689318461,3831.2802403448686,7178.082618726635,8489.473476189403,8916.422502693218,8166.69723270971,7256.347440452899,6909.265898464584,7032.088175201645,7949.567422201897,8757.13341222738
18,41,156,2177.560245023167,3283.3881223934945,3018.195527058129,2140.132919046221,1640.6698539973384,1665.1985909326913,1888.2229949874127,2226.551237562053,2709.5540321369153,2772.147507822571,4824.7758420678465,6754.387225967891,7168.810741567817,6575.366218894973,5488.390973029894,4963.763793358496,5079.7126115432875,5776.780734659196,6320.34491872354,6646.412869372679
19,42,158,5.014412275319671,7.234242349080842,7.292081902755021,6.218775736524309,8.477455952033072,9.301374950129553,8.525979649607708,4.4803908905298755,1.1613560061451247,1.160967051465349,3.429134278217202,5.035519723052741,6.3664840520422965,5.483054772018,7.41734012397294,7.75298514187109,8.302057012709184,9.96922477460187,10.753333147242598,9.315101568115363
20,43,162,4434.416469417208,6622.056755928768,6895.567553540716,6605.357523607242,6266.140404400676,6106.006628535087,6685.6647020725995,7278.349276467284,7400.328586906986,7091.724206621373,9440.778312188142,14264.011228302908,14781.00355491191,15645.639012567115,17012.13132137809,17926.45540798773,17534.693520614637,16767.127105747488,16552.910364610172,17407.157200614074
21,45,170,4492.660999777377,6721.84787805253,6996.346390996492,7091.519335090101,7303.280356541669,7319.295369291331,7618.209284173303,8486.502569569908,8797.826498185892,7975.285490600529,15367.690308844123,19222.424786769752,18506.658755603814,17660.215311673513,19130.590422828463,20099.421899172434,20426.497201172093,19318.47498677943,18062.257217328224,17581.973381843134
22,46,174,1.366781314515785,2.495883483096904,2.7933264346419433,1.9020484268167162,0.8917783179797021,0.7729345823050637,1.1886772717752987,2.4960140148891328,2.317770236523205,0.7133876595751343,0.23765812423887994,0.6536341154794727,0.8913583013502694,1.4855845708766033,2.4366348741502053,2.8528597901011152,2.3182715474316087,1.1885228663461318,0.8320348206750218,0.4161272194249829
23,47,175,19.32996145477221,27.33500842677413,27.751146962982432,25.320655832172463,14.411208335356683,9.430543224775471,9.963926226440954,13.759224733207262,14.589868868165066,11.387936148821252,7.354765859483015,9.193168533689722,10.082819253002642,9.726255359252214,11.859781934299274,12.393291666705045,11.089499439382582,9.132457067303491,8.360924483933038,12.511495595772963
24,48,178,22.917819186825845,31.285269764788016,35.22663026484912,32.317367033829896,26.012205677684914,24.19345781242142,26.073109093995313,31.65145405771426,39.776331537711734,42.99012180564,21.281733499048137,34.86209292508401,36.437989503195126,38.86084068333087,46.67954562394768,52.680703676355954,55.71235669797635,55.71396357304983,51.47204487619818,55.95731645252482
25,49,180,202.55191709639539,272.7484900121302,260.4132239212561,211.9811714734359,214.52206229019885,227.28096547316605,255.1542298012816,284.9625590642278,371.1849327375994,383.45944575155136,200.7399166112816,362.4813851235209,361.99731449645515,417.68546438493223,433.22438916265696,471.6799068062391,478.69427468480455,475.489266305182,486.49338338212004,545.5052485169043
26,50,184,1442.5200739397033,1754.2810644257074,1859.9701092118373,1943.0169243124724,2021.5251912626773,2179.0357204131305,2258.3855930345626,2330.5972131596136,2414.2855282297232,2459.3672805859346,902.8547667964441,1217.730875409646,1177.3641991621494,1237.1790374312066,1301.8588005738206,1350.9167773653433,1397.7461654253439,1338.960323446228,1434.7961021946016,1600.5898454812234
27,51,188,1180.2059691039588,1554.964506354478,1691.3519542755432,1736.3719480815428,1795.0565362136485,1826.6387590978013,1855.3865743096032,1753.7324302302388,1626.8304105949667,1663.7554317898264,782.6918354976848,1192.0368205244017,1287.749851650817,1392.0965189660399,1601.5926818458377,1664.2157487044083,1687.6648807430568,1821.4720234105791,2279.374189080486,2781.7052640603074
28,53,192,4817.622618861537,6821.876038516388,7243.39549762977,7041.487653201142,6240.770512600304,6079.924633780297,6407.989452262632,7598.411858208787,8692.828616822984,8915.172208266546,24491.872905315493,32896.15564144666,33192.07197900382,36561.386139913615,45234.69782425762,48430.15822479103,47542.56283118672,45845.03997750177,46196.34933911033,46782.8459821762
29,56,204,101.74922382559383,214.61837252503395,351.4207282180748,452.5717152443699,507.9816062067549,529.5496012637657,534.745360033299,516.254476325533,509.7906927932786,532.8710594446086,783.0741417281624,1038.6534739215128,984.9894774898419,746.133176678082,594.2178311533323,491.3226244253044,512.2244495640396,502.33140822159226,522.698601958552,596.4859862947671
30,58,212,0.0,0.0,0.0,0.0,0.0,0.0,0.0,0.0,0.11721167861713104,0.17581751792569655,0.05860583930856552,0.05860583930856552,0.05860583930856552,0.11721167861713104,0.11721167861713104,0.11721167861713104,0.05860583930856552,0.05860583930856552,0.0,0.0
31,59,214,332.31090980538306,401.9508765222003,427.24537340433096,403.76602163695577,383.4749010547305,366.5984733846144,358.33401697398926,373.59238808058757,382.2541273033963,395.7008252087093,372.1872536795881,588.8061470447612,654.8802697055604,886.3409907766,1077.3911566504244,1195.3449360196546,1176.9556229018956,1111.7935323256006,1029.91950024795,996.1859401229556
32,60,218,3473.038611291282,5421.986424898252,5320.972873907419,5476.657499540196,6369.550690000499,6884.540462323978,6843.983005299165,6807.303497335979,7533.043262832918,7809.7533545208435,9659.707187198826,14695.297101629927,15430.841394803874,15949.35772383324,15917.054963461407,16233.01036481407,16168.998265139982,15892.956954073521,15384.383575739743,15598.702417417631
33,61,222,518.9623683712489,876.3264629250305,881.2313480601371,719.9882973184485,417.375785767829,312.3672662156347,483.0382500795113,500.50686654480637,411.4646064456808,462.8507896621687,304.172975753221,475.6571388795313,464.7122829037574,446.4236160870288,498.4544263044444,501.42366837456746,471.5855300341593,494.7931615050561,677.8777202277676,902.4128696002306
34,62,226,101.12501356731741,175.69331568350395,237.7431057087431,235.251365024954,217.62731110121751,180.98122891635373,175.93689170955608,144.3947370967685,147.91911947754792,172.71467402074316,61.86476525605018,154.3569644855975,129.80471391184568,116.37364822972015,134.9682860045143,242.16584455931942,287.6828595163126,283.7933887804028,226.05897760597685,227.39343924955992
35,64,232,84.49311139885742,125.74429432603695,137.75003761236266,151.06243520624733,167.49412190846792,181.292465234531,196.2702510987114,204.23714048863494,183.34282412351112,159.84561839310842,1518.3527109385354,2161.031166847478,2100.644248298112,2127.9787066095646,2088.357006528981,2134.2555094248664,2027.9362256447257,2002.7910155132347,2101.197262264408,2155.109963991328
36,69,242,399.9288762235265,801.4891185437137,997.9602884789474,1007.7061861661427,1194.3425682868024,941.0619988516395,976.8311466579082,979.0970006406488,1302.165568188974,1383.1383428277315,456.53875703229704,744.6711233992315,795.0949374703646,782.0976826583368,730.2810879749105,698.8478284165226,710.022100114472,800.1293105568129,958.2487545369191,1114.1001775437464
37,73,254,5413.289137366111,6338.85948029946,6665.512854695251,6651.1128426360465,4950.409502615995,4766.352256762463,4176.4375299115745,3799.0737338896893,3403.525111840088,3305.293395036105,4442.565205552453,5261.154303299461,5338.772382971649,5448.150587067565,5490.026311453879,5595.372637675109,5703.87779506832,5900.515048032075,6232.568986313177,6476.443747746832
38,74,258,1911.667909778369,2516.8865149837807,2924.721118037956,3260.0906127608855,6488.9779431535935,7678.210171864701,8833.975036253836,9267.703923403542,9697.110300456876,10620.448169089515,4162.687281096498,4337.802854068871,4271.8262274972285,4132.371927709551,3490.5539198239376,3359.7092760677224,3224.8778316781886,3103.2339881789408,3112.335616198379,3179.728943277734
39,75,262,9.2866055803943,11.906366338860504,14.230838393501855,15.898706046634313,26.861648411132357,32.0451137921277,31.329615518536876,32.51952858418666,32.875255593408134,33.709054889307055,199.76662602177075,265.1900811633531,280.93776414886946,279.72774955168643,247.31802765630383,230.80105116509074,233.69486541846962,227.91514598814513,222.61984686410975,213.39824420843826
40,76,266,856.1392189361196,1227.507061954861,1395.453720268443,1268.604570430779,1053.3021964857592,869.7425709270502,939.1930564961089,1045.027934916317,1216.980387670022,1237.0448067649193,1183.717766998945,1877.4523854693361,1808.3277170805497,1795.975422950967,1932.6712414659967,2374.907626727473,2336.0098937072817,2315.469039081072,2423.542767578677,2876.177997802389
41,78,270,1684.3736548715615,2232.1128389772966,2335.6483926555134,2341.4371123894857,2184.426514187394,2197.2213427722954,2322.143906662098,2541.3641496900245,2562.4977347073045,2535.342497951441,870.3024594339483,1533.7159740842742,1521.7781033796896,1638.7638182524001,2012.2927495023503,2441.6271867507094,2364.402768095234,2173.3108738261017,2072.7073313884166,2360.0693253656505
42,81,288,1228.582817557306,2493.326894766549,2930.2581802172026,3383.8552132062728,3562.918171060855,3522.9202327144108,3376.255213667656,3264.443134059331,3360.373549080238,3592.4231777947793,4785.213021239666,5639.877607863156,5154.125555666058,4084.4156000077637,3375.257926835765,3223.750684786487,3307.4520748285145,3515.068454670323,3583.5421171466214,3850.6646659964363
43,86,308,2.613800115152857,5.644020569142678,5.643949485419052,5.941532831008035,4.694075327925042,4.159266937693337,3.3867418889693037,4.27898364690352,5.527170637289843,7.130974593270063,1.9609791209879834,5.406868499571934,5.703573598954511,6.3573342874433285,6.357286926167644,6.774091951488125,8.200003147568282,7.071074684025289,7.130376988015159,8.378316260087118
44,87,312,30.77654935271869,41.05549279308268,50.80821328087612,47.946182507361556,37.31567397345687,35.79626953657,35.85475267364503,37.43260266600165,46.0165402894448,54.01610100084056,35.38784523553252,43.56399252191013,40.64372254600037,39.18461974525928,34.63318407191043,31.42196170178332,30.253900668055106,26.923392714430022,30.65983080954064,38.13382418464107
45,88,316,0.0,0.0,0.0,0.0,0.3549723474572391,0.709938704560919,0.47329578563470265,0.887436658855437,1.3608888582659495,1.6567920558984441,0.0,0.0,0.0,0.0,0.295855453366467,0.8282982220202474,1.8932466854717849,2.129888006632431,1.8340853252715223,1.9523164294315847
46,89,320,435.7555701225009,696.04497927937,792.7880259685844,692.164839060902,616.1210493266522,640.8152345809486,677.5977728978951,746.139554222812,909.5377720976514,1046.782669510016,1021.8507184718519,1310.748253610382,1196.5040933392618,1076.3302048369399,1032.794947975261,975.274736174642,837.3940621093167,806.779867356122,987.2357797076991,1124.2973940309619
47,90,324,3294.7415780551805,4445.842768104475,5085.784579439144,4666.189686143397,4440.160915306907,4111.738952748133,4569.557285258526,4929.693615449934,5457.537187560281,5840.605945460026,3629.544073809774,7788.240329234357,7322.238434668632,7894.974455621249,8691.873055801529,10655.34702087299,10952.66706417952,11654.708903075727,13485.94689955918,14689.71410915405
48,91,328,1136.482897919153,1378.0383195024706,1451.0050515824623,1560.3507622594989,1811.9430017594198,2165.0779224732737,2258.727342719075,2285.0832575644145,2295.969934613543,2523.911677662757,1706.7904991605772,2166.8100034312824,2364.2599935893904,2538.1262308403184,3358.895025846451,3612.152045206739,3793.439256520264,4112.2618419261435,4406.665200765998,4881.7491274300155
49,92,332,232.79300373926134,277.6231610969885,289.9929293544744,290.7098598505347,295.001678248179,301.53724588977633,308.3470827780507,360.3125234635031,400.84010949948527,406.9298625070149,1282.1582319911968,1556.1890943124527,1559.4853146753524,1803.5925586584144,2163.8466744503053,2358.2781879480785,2303.6976386675688,2129.2677582943707,2041.3533882935462,2067.7211670488978
50,95,340,3105.3750506143497,4433.605721651663,4739.0187418935475,4283.689300365744,2349.42012531292,1754.933022375864,1984.2308844551749,2178.990472143803,2158.290097444326,2194.627472016834,2083.918844756802,2981.0865703604136,2844.8768889405997,2652.8104083875483,2788.6472184525014,2874.6700061922584,2669.8840827159333,2695.196926356456,3705.7366437944625,4637.419988661934
51,96,344,0.6753361203137292,1.2943728619555586,1.6320388455069672,1.6883178336009983,0.9004346841695414,0.4502235210688025,0.3376723402150021,0.3939537989027421,0.3939537989027421,0.22511586407767625,1.0692019140590854,1.238023256773242,1.5757060103222549,1.6319979847164774,3.9956374682744165,4.6146841832781185,3.9956094039386256,4.727222656640364,3.432855178813276,0.7315846576695169
52,99,356,17348.714460022602,21220.680945519547,22597.684612936137,23142.924629299498,25903.375573875703,28952.677170891457,29542.935496054226,30681.24417616238,30997.18134454418,30043.29952848065,24282.11185924565,32042.198067280664,33235.21549123543,34959.82817522607,33063.12561215916,33713.775525491525,33596.97757511287,33716.08407309986,35808.390792374994,40413.30258041964
53,100,360,29804.554318149643,42605.73701675547,45773.87899842393,47540.739351110155,52843.7441715074,56879.43397208831,60838.50136633333,66506.6856993885,69958.66955857704,69801.12670886856,154078.8170639532,217216.26545465615,233032.92781335686,245337.79714533268,274411.54062036856,292704.1306147763,302891.90855538636,308368.8526327818,308952.46007531893,295932.0402963762
54,101,364,218.60776076704553,318.07123718564395,342.48547521921273,352.05820871831236,449.1661353029931,423.63558543799684,431.62533518969485,574.766959309927,753.5071480975611,727.1054056295623,2745.68647013968,4135.8665803253425,4061.8610691256004,3969.819932727185,3729.3679832136067,4214.967409447451,4335.563993541027,4335.353285798274,4114.123391858514,4732.393705142694
55,106,384,156.11836703532305,261.1271831082185,283.8995319493091,268.8839868689415,209.29571189346854,183.79929941514845,182.16316486630484,197.0638235995416,211.90138636605062,222.98569968304645,153.78449553906717,253.65657413428562,268.84129856565073,294.51188624089775,497.808160845045,621.9609965776866,679.9177051282071,683.4893247106912,668.4091464640604,663.3159414317183
56,107,388,457.46334444663984,538.4207013496401,512.21170485015,381.25381082098716,160.9147196279289,95.58557151893743,75.94457967119405,83.40844014643027,101.8741983267546,118.78366845191916,48.4493698820289,107.4024293099431,149.57898466994408,311.06198128302987,714.5919249267127,877.0180541753215,919.1630429400292,893.2356834043239,888.7932739087663,902.6919674043047
57,108,392,14.451707119672147,24.924882258529983,28.48065942554279,27.726183415415274,24.389495297320558,21.309992455008004,17.52802147793411,18.69503988938266,27.052559679518005,32.845602747391666,22.481985843763827,40.06874358562404,46.37964434305554,50.02684055979095,50.80197519222633,54.261836794243564,54.265093151254014,43.31243853819337,36.18475358042137,40.13064349751806
58,111,404,764.4121928510897,1227.9315824153916,1378.9008225624748,1383.8839570594303,1269.8255457968894,1177.168145104339,1230.0764373597976,1504.529401386855,1830.6029656172987,1987.3318587959425,1577.8173017682502,2419.649876068551,2258.3672217755566,2175.6917108022303,2417.115780975456,2685.5947510260753,2608.1010985625026,2409.683442474338,2491.319033016301,2776.32344514369
59,120,430,423.8431127219508,587.8682748649717,626.2560736393109,643.5303508311356,627.0545450217408,618.6984737550914,634.1625766030793,629.8398095646177,612.2120197466429,586.9043432031874,250.4317908510358,408.9101157505447,419.3715034052127,417.0925450000803,458.18076258912913,567.554377689153,564.0078249831364,638.1932462457178,758.2271392510892,1049.7335028260181
60,126,450,3928.514216172455,5038.955102094795,5329.643937063298,5523.01097034352,6257.144394609898,6746.154254604978,7285.424720248848,7940.519768125508,8491.360027719125,8843.654771494777,8760.084091926386,11956.745824730859,12248.532092851568,12965.014209941946,14011.234739624413,15359.336355407559,15691.384163544588,15169.433942365848,14747.613921918339,15654.562195484135
61,128,458,5723.552129450202,8018.629268952262,8653.496250911201,8878.511092731127,9468.563999246611,9755.852341501375,10322.936281931698,11377.7137593043,12555.524571102684,12723.279619283558,8175.429065685084,12773.245047357492,12891.558563992145,13528.513401720382,16963.82930714447,19260.073722021047,19662.066744812837,19837.29133386356,20539.92716098886,22005.09311530424
62,132,474,15.430325032784545,33.44982611458718,38.986023182990515,36.39416017909361,33.92133070177004,24.792997784156665,26.61800009402799,31.269365647961965,48.63879771846419,57.471549674585575,18.609860477331065,36.62910436511519,35.744942493922004,35.39174807883062,32.38877509808944,37.33534903772457,40.809943333309164,38.21952345007611,31.80090702348059,37.74775920811889
63,133,478,22.37329897946062,28.862718249808587,29.100489604222165,28.58122309236841,40.97475010606174,39.27516262017586,37.40649911307974,34.951180693244034,44.59885046476673,64.45605836399449,31.679759585202248,47.640147578097825,56.41247323307589,67.283396219167,56.526234186012715,75.34663795528672,81.65920081900077,86.19830138213334,55.25482909291536,42.51547616882496
64,134,480,9.311471995941421,11.310805642641535,11.253933626235568,11.53937965070187,13.59455122939855,13.30823674929966,12.68154032341869,13.367715116596239,16.679796868657462,18.621603541207673,133.30864550866295,156.55787894612192,166.2685515026379,173.81312246694654,180.44499664410833,182.67527435513864,190.3245270339585,187.86971279282562,179.81901295586334,175.30916184392422
65,135,484,14100.53147472715,21701.09487189036,21511.08899712464,20181.670886516997,18114.9011567117,18195.29614359297,19764.354787562486,22925.30846909094,24688.157155487283,25983.585472526232,43524.93170803413,67901.24627742605,77864.98344271544,80425.24604544281,84329.60600231287,83919.45449650721,80011.96996001322,71799.99790422985,71692.8203606466,84480.01342389252
66,142,508,4679.799389560816,6917.247753160242,7041.210732620636,7166.592259912335,7607.641682703642,8070.2515480367165,8594.186617862371,9743.111377104702,10093.585868569315,9265.792593017133,7530.459109784869,15208.44294940392,17372.062012588754,18337.873766955825,18998.924294778695,19835.844410185735,19725.712210663627,21744.82774379661,25207.42003965997,30043.277090006108
67,143,512,8.505406924112393,13.87200201019734,17.489278500254056,19.34719980265573,16.602751331001674,14.718764134775343,10.294352553557513,7.682830703785846,9.106744783256378,12.042666782371317,37.24301885148142,54.86502709821377,52.831017514746755,51.14451987249662,48.576361779042685,50.062587935073935,53.84539137313749,52.10114460167215,48.95572005802364,44.293359193386536
68,148,531,0.0,0.0,0.0,0.0,0.0,0.0,0.0,0.0,0.0,0.0,0.0,0.0,0.059473651452844375,0.11894879410380915,0.11894879410380915,0.17842369629931337,0.11894860173839089,0.11894860173839089,0.11894860173839089,0.11894860173839089
69,149,533,0.0,0.0,0.0,0.059385077989233995,0.059385077989233995,0.059385077989233995,0.059385077989233995,0.059385077989233995,0.059385077989233995,0.059385077989233995,1.7815281246406187,2.49413822132382,2.434753192998475,2.1378317773885085,2.0190719572172173,2.0190719572172173,2.0190719572172173,2.3159920279428796,2.3159920279428796,2.0784555438086536
70,151,535,0.2973396929315351,0.4162765441913901,0.4757439330776604,0.4757439330776604,0.5352116595556562,0.5352102606062074,0.7136099668380028,0.5946755270937,0.5352089585524256,0.5352089585524256,32.94478567113731,41.389292987909656,44.71947340692037,51.796015896929646,57.38583408711291,61.19172881854263,59.6456396389376,60.41873290358899,61.667524757185916,60.12137423846819
71,152,540,355.1864015281979,654.7601734101967,705.3247947606812,668.3640460287262,590.6449307693493,552.9697366250883,557.5032674089722,708.8595088810462,1028.5753717827245,1292.9299961078461,834.5242169798751,1219.291152108896,1410.05705807836,1372.6934568335635,1296.26287751828,1106.524130056329,1055.7503043301276,962.659968652088,882.7683274897695,972.0804697437716
72,153,548,11.498365104514498,22.466545867460177,36.882158517130165,35.13026828504944,39.277700260045606,28.66092352335602,38.70341764125502,31.72346801761042,36.61430145741902,37.366966206382926,3.9670165641953608,13.00024150751333,15.502847255864424,18.833635070918284,20.93441607288537,22.15886124495528,21.519878636149986,14.64731135714655,22.58546177957198,89.20857655457709
73,154,554,643.0183885429592,756.6188438244196,787.4461662980779,810.2434078753945,834.8584438602554,798.2086854526285,803.3397904323788,804.6160169235286,815.2562517777928,786.0296459886916,187.47338948831978,313.6865364431951,317.25344203204236,350.8912552943004,375.83252572609655,507.8639509522434,526.6695951811104,576.9828790309621,724.2608056479745,996.1968532525382
74,155,558,2800.4537247258545,3928.7325797828307,4298.749293033422,3921.275237385633,2409.711279307474,1899.427262949128,2185.391799662134,2427.6495886861985,2531.2376457265614,2388.59954777666,1990.7175784098608,2844.9115314867245,2629.257825644568,2559.5721137513683,2695.6139112466594,2795.3215288635124,2803.7304236201426,2747.215187189376,3659.996286842919,4504.203078247483
75,157,566,7634.643963979975,10561.193686034012,10766.18674021247,9654.494775103914,9361.385697391624,8282.71843286793,9023.152870501131,8238.569283543671,9281.90699583895,10193.01183553031,14611.572518009809,21364.473650429376,22208.555120620535,22651.949296655446,25113.589507171582,27859.953732136073,28061.192003526674,27908.34914833809,28217.756701850925,31366.51730332791
76,162,583,15.16500163638655,16.36443261672157,14.798878412862727,4.742366659905819,1.0840544965470964,1.0840544965470964,1.0840544965470964,1.0840544965470964,18.70037764818158,19.545067984292974,357.95212941000074,380.4997661872992,392.06093483791904,91.06164517391869,20.421343285366408,20.421343285366408,20.421343285366408,20.421343285366408,361.0650072704539,392.5654754733217
77,164,585,66.42058580414653,105.60760776522704,115.02923130287519,107.0706403318355,90.79272978068587,83.97957154764347,114.48228184352644,129.49342746086208,107.97959310318795,97.01054074369894,25.806092525334826,54.98482175978745,72.28516812213115,61.13423209753064,43.95248047975252,33.64511640131316,24.240182647551798,35.63395499630707,57.878648251879014,66.61799593431232
78,165,586,2062.1733890797045,2811.086047973117,2715.4813442028626,2550.4046734634057,2718.158271378784,3641.7023326386175,4365.266407806069,4791.7061884237755,4234.848769756758,2961.5868552851043,10399.26836260243,13720.434532857536,14453.386595412303,16053.083381005272,17247.766498710153,16558.616671743457,14809.418581084163,14260.482245926583,17239.360939807077,25223.16288712249
79,166,591,2618.132004405456,3465.956496867312,3708.035288222457,3747.3446429157943,3681.9954943676153,3684.8176159044847,3709.7906425773463,3636.090862740207,3356.5399292647917,3124.404978418314,1845.9859789969494,2858.7782796695647,3009.3780362811817,3314.074964613776,3645.3447889252056,3991.838895520667,4101.160559799244,4399.098674316222,5084.085470269408,6122.730530406738
80,167,598,5980.891444021203,7840.919936820564,8211.388035677592,8232.48037205683,8993.532145119803,9364.403976388434,9826.144155135496,10423.64787746648,10939.960415500876,11039.686116835564,4755.071961197534,7232.0933229580505,7809.4319935557405,8859.708433302887,11598.298390400649,13212.920514466967,13862.09801361234,14589.395606606557,16136.97611663111,17640.594351482636
81,169,604,243.65293763859026,388.8314554686636,438.8168201813603,458.00255132795064,517.167039944039,629.7680628175012,718.5123499965244,798.0331422585417,810.8437236800144,761.1259593779033,716.5155793059826,1028.5536900578247,1042.8210985655448,1025.1112429650263,1086.0997380552901,1167.6458173108801,1156.4790581221878,1082.7014741905716,1029.9765593300292,1014.0155253063798
82,170,608,6910.9334380202035,10233.95706266982,10702.017511325128,10779.478914647576,11120.443260971586,11688.020393256229,12134.289280039973,13777.165420407262,15314.198495545897,15848.22681124647,15218.357524461187,23625.19055584838,25017.984673738643,25867.123331311243,26107.481065400596,26815.096726207274,27040.355317637932,26255.08835818997,25849.89775596481,26554.482648911868
83,174,624,6702.681747945712,8176.830484050097,8068.484543721043,8289.499157645985,8427.884757607899,8164.130281488848,8239.327973749076,8655.796951815115,8829.826039087304,8373.505208348108,6003.070802883582,11044.107448200702,12490.869257550163,12772.086495628671,12427.582554121775,14003.472353125628,15309.278415614725,14715.673680369793,13698.3405231128,15646.799561063577
84,175,626,49.05993992100755,60.11974105444444,59.639597191015014,59.341160651848426,67.51952657705293,65.17420995064455,71.06634164201208,71.96540611013194,72.56521869047216,68.23734359048927,41.82370904249225,65.92345566300519,65.02181263349624,69.40715423709884,66.52155250570141,66.2810661133746,68.56661223735614,73.07364867671095,68.08486279695092,66.58077312148325
85,176,630,473.4945206676287,643.788063654499,537.7036352840471,473.5554655363466,398.3796977571771,379.3944337542751,374.8019868992369,348.408755415756,271.58720230025597,262.4004152064721,156.4166948569818,298.7624882932721,377.65675444002426,400.8160052665021,393.6442532528483,369.8675263778769,347.5935008356888,350.50056158511086,430.32442860363165,590.2626726726462
86,177,634,8.83666122393748,17.237085306914878,12.523350196935182,11.428012419942316,9.715299325950035,17.084912042240237,21.337062308115378,40.64689297791573,46.19486155871822,45.98419321751703,4.230178902812066,7.9623011933734675,9.004081792021331,9.882987274108867,13.399101711507052,13.345575029651782,14.388091309050111,13.83939077420301,14.333464843952553,14.223699108583597
87,183,654,146.01848171535255,258.49684837683253,279.2440377622098,230.48380736800559,210.0372286830683,285.48031512079405,297.86066433241336,283.4518100573855,301.411370686345,413.8442451061986,6025.8566629747,7685.110140625387,7740.3167127354145,8193.80451540046,7171.696953601581,6515.155975667889,5986.656842126853,6472.65772481812,6381.020448247583,5792.228377788802
88,184,659,2.033439217389623,4.357310449925859,4.008780369328169,4.066855987624815,2.8468470592772155,1.9753914251277829,1.5686605559497468,1.452460196323624,2.4984416227528543,2.96330481933804,0.8715485744712932,2.14981737329502,2.266059984388708,2.905141811720907,3.369894242885051,3.3699238258473816,3.718585288000802,2.788997887572761,2.0916601866970757,2.0335182143917994
89,185,660,0.11565442971011157,0.11565442971011157,0.28913542749246535,0.6939248534534548,0.9830614307537994,0.8095800736485159,0.5782719329126527,0.4047905039554457,0.23130936245897787,0.23130950618079188,1.3299829991317622,1.5034532793773558,1.5034870133827234,1.0987083049507942,0.4626078636371367,0.4047802894617179,0.40476906861757417,0.9251918484320035,1.0986937064664908,0.9830383425513269
90,186,662,1.0044368077853094,1.358942612509943,1.1226289264830138,1.063544161600378,1.1226003726438665,0.8861879476891087,0.4135190121367232,0.827072611476371,1.3588262033075993,1.4178810506724453,0.5316358879935763,1.41771874698104,1.7721545166848292,1.9494349559329436,1.89035411816947,2.422183701239104,3.072155389597553,2.2450865459489173,1.7724661530216572,2.2451723866200997
91,187,663,0.0,0.0,0.17357389663280215,0.17357389663280215,0.17357389663280215,0.17357389663280215,0.11571593108853476,0.05785796554426738,0.0,0.0,0.0,0.05785767955199301,0.05785767955199301,0.05785767955199301,0.05785767955199301,0.05785767955199301,0.05785767955199301,0.05785767955199301,0.11571543060333848,0.17357332465082115
92,189,670,0.47467009946648026,0.7711588592902354,1.423749573316915,1.364542894510845,1.3052522648642686,0.8303591353602264,0.7116345876784753,1.0083896110813533,1.601645786198013,2.31301744839507,1.4240195220742202,1.6020355989771362,1.661622873750677,1.8984808008322756,1.7798778808545026,2.0767349663210273,2.0764080300268404,2.0168328382493717,1.7794552832816788,1.8987010755332565
93,192,682,2498.1770311698424,3230.5931354446107,2908.741840852847,1625.2371444701225,443.0719427836586,346.69045464067904,376.17426235219966,358.4805700028765,388.22878493102945,422.2890583594972,1135.6005198075889,1911.1352158081575,1962.8279828258621,2500.762862732137,3126.858185232787,3350.44893505979,3291.392660148941,3305.1241519443365,3350.148103333397,3332.8919880491435
94,193,686,4517.3300745879005,5472.147176880025,5571.426927074657,5357.3947686510155,5100.230017949504,4933.269615868975,5049.950711017255,5235.3487947066305,5184.594118821525,5126.495244481771,1867.3506974760896,3172.09977522665,3376.5494151050584,3824.3299846734403,4148.354355218055,4787.386823506926,4907.389418823362,4854.463187208855,4437.727383379098,4817.361520475747
95,195,690,1.2117229267978828,1.2117229267978828,1.393468610233636,1.0905650163470466,1.0300129355871404,0.545312079249701,0.7270685862673364,0.7270344992112779,1.2117337877583196,1.1511502359244212,0.2423486538902096,0.2423486538902096,0.1817730160856421,0.6058906023138072,1.272348224110335,2.1207519161976625,2.120866673208653,1.7574229973454507,1.2725459871787894,1.3331367011448338
96,196,694,1638.4725609987038,2286.8271655618514,2606.628920267149,2426.076549438349,2413.531730102933,2341.657231003848,2586.4869774665476,2526.2541552696507,2195.595224137849,1928.7204566352762,2172.2438675632948,4815.665406431467,4425.554779685675,4667.313650937518,4245.887513223417,4813.133104283482,4733.05238214463,5720.97226850794,8794.523781540205,11188.993683984923
97,197,702,4.739921935853434,8.872139248405686,11.789008424117663,12.639810556669584,9.783769368285228,6.13763708022847,7.717646390665109,16.16449807514695,22.362884105782257,26.798898850861615,72.25409531934686,110.66025394845201,103.36792065347795,97.83754536729231,121.84040436478702,137.88312091310547,150.27995232029596,155.2020605230758,164.92481024771942,170.15097029920128
98,199,704,4397.856192467686,6318.678118108813,6879.564943816802,6927.697141150639,8353.286632463316,8719.669346488163,9432.853830099359,8722.113706760527,8456.574051641644,11144.455548164993,10725.2483181959,16300.288929418515,17311.28376272837,17776.817974768583,20394.062973345815,22364.72158718177,23195.717952481034,21284.1472395064,20675.646761605083,23392.79594549258
99,201,706,59.363507963983295,87.2976648708445,96.76747642429216,101.00915974567812,99.43101170050471,103.26723551444357,106.19577461184934,110.57138322459447,113.72554304254788,117.70669141765025,158.89219855683794,225.84468802397987,233.40850494651266,247.07232137825295,262.0089891714838,266.00170369287724,271.10282644853913,275.16680348282716,303.80330707546455,333.3924194323106
100,202,710,233.25601877406223,276.7022841457122,282.4383280606465,299.819056375634,345.2653488395363,348.124195658012,358.1967675477831,370.227189668436,373.15628726475825,360.0135590200115,167.86463473282583,237.09691281879637,246.3674134985986,249.83451446573017,255.05233182492063,279.70727198757214,276.6664853421629,275.4285419865161,261.5039895833654,271.6559429298833
101,206,729,8.779645918977927,12.744423691442085,12.804985874538703,13.441485352449662,13.676516378454055,14.139961492315432,14.429765108999701,14.434053455879596,14.38397967311581,13.982296820476227,562.4810531431305,764.1015909586902,810.8924782696788,888.4618753392407,994.0158715584225,1046.015994738414,1010.796199916546,1014.9136334796411,1070.6834567347119,1085.5466746033615
102,208,740,6149.292006231103,8796.95364072131,9540.158467620771,11237.938618635528,14051.139409019575,15036.489005014026,14783.97022865393,14833.103819880722,15218.24867055039,15413.927609893692,6656.861769566425,8020.626639040091,8248.383017403134,7835.12477868928,7693.689599461093,7905.453587053585,8575.74809378029,8886.014728632774,9422.650648756835,10632.448733291416
103,215,764,2228.277827975774,3460.5490002665806,3588.233568660701,3758.482237781818,3960.9247414936385,4133.347556513786,4563.465785572663,5147.564249650451,6157.294236898409,6841.276861980375,11075.8373554641,18044.880690452006,19274.754004882936,19125.20185585253,19126.249229733377,19010.382503985325,18007.52788694896,18885.833036466363,18165.59049000014,16090.990030627037
104,216,768,2.2360487325027236,2.5986569734792635,2.779945425834954,3.3842617078280774,3.0820786499894264,3.38426716794006,3.323831150471905,3.08209953868103,4.1094809428023105,5.741218605477804,7.191470968109201,10.877818839749132,10.756959130022759,9.850527427098172,10.877893341184922,12.146961607164421,10.636149551834627,11.421709700190476,10.031732021695465,8.339628458711474
105,218,776,16.921664441687078,40.02528411470142,50.28688946500864,49.29628665428393,59.29084525282237,65.83105712111545,60.696781644445,53.55561102795084,41.22530401145282,24.898681990461505,29.22510207088295,46.58060137042173,40.67385646691769,33.69099587825343,28.563284328736568,35.03566106427912,36.37562126654533,39.06040721741162,39.48039353733567,41.24015736333854
106,219,780,142.90681131640082,190.32913286299058,196.61307227108514,215.63368123437527,241.88856067728318,245.78011703151054,248.35665469488094,288.65767237200174,320.76092036363656,312.39111611240696,209.87705756316515,283.69170231443803,286.9319394546039,286.73023649719244,325.6451179884417,355.77840298467396,363.55941521403736,295.15608093935253,282.32389744686867,430.4053564068171
107,220,784,841.0542612375705,1658.1318197452215,1485.5188751760961,941.0708104381188,422.1285597219476,332.6819978478775,486.9067080253529,598.7992312205225,610.6630462397945,602.0794221965084,389.03860033048295,647.8861687166254,713.3526746558327,811.0374306015129,832.4875814313389,843.1700399393744,832.8952628029372,823.6652901249781,793.1143049448466,798.3430647223548
108,224,796,15.39588439267589,26.096172902929396,26.207287044660408,17.37493101904223,12.446312724992719,12.839749262608898,13.122262210639477,13.067795977032507,15.727806629927079,22.009997600858167,244.93379253602134,372.26441242167107,385.50725000568457,410.59127186022835,388.33304355280416,391.2341913006396,385.532696778278,384.6106083268909,360.04156644748787,367.60490523922755
109,229,818,1.143614622934588,1.7901952620338006,1.7356280346175288,1.628149045555574,1.6835503040308892,1.3611162556130356,1.5796234194606606,1.631660126604113,1.6325340759530138,1.3612308165867995,99.27076856501236,119.44709971077611,119.61926863886995,120.61637971083923,124.46612804958365,122.06127015687876,120.27578692146008,116.33919239223046,113.63346744153688,92.04676062310445
110,234,834,1470.417702080471,2264.2108405037893,2362.2356103255784,2261.5888353721325,2120.155729635009,1993.363288085678,2003.703075334929,2408.4536000954704,2760.704311961388,2866.3816717689024,2973.79325207959,4784.542393803933,4651.540333316583,4915.656197270346,5114.02454142435,5590.835413348641,5645.255721504854,5250.113458006115,5313.751469187909,6694.183068112773
111,235,840,5236.069645744116,7867.046190818022,8608.310569641248,7675.581520825568,5904.929888631672,5048.403936069074,4505.118814959507,3935.0743524697978,4547.73277374538,5746.4635737301305,6935.646013723013,11952.02170948146,12658.329740629122,15224.322271500829,17610.078842790608,17952.313992042316,17573.96072385532,16137.846642050532,14725.742860789662,14620.659457473388
112,236,850,7.005473594083785,12.100840561996854,14.011702606036488,16.969085948075488,24.39099748105659,20.85935835727748,22.25218961939441,19.46671429557628,22.656448510807614,24.627734971943934,19.7045613885381,26.947416563012332,26.946022160717355,26.77141966448854,22.947716407325395,21.03698770640273,19.993907763097948,19.760974531778622,22.137967049396067,26.7682533905468
113,240,862,5715.371229608688,7459.004408675923,7857.200212263395,8027.352592729431,9249.659860493459,9833.377524327814,10569.311028618002,11321.434537667008,11945.533784141975,12196.578567887322,7044.613269097071,10103.805125955709,10688.248606555377,11073.8816121735,11962.961133775494,12729.15603613368,12576.336216170133,12380.7918119038,12455.102304513714,13077.825128696339
114,242,882,5.6686876273283415,9.388807978087794,11.278161928298527,10.038578319024804,9.920640102587987,8.503502194423433,7.677037352401321,4.961390811077077,7.032241413998472,8.449773164922512,1.949616700539984,3.0721462169145988,3.7810272460805363,4.2535674928020715,6.557367547110122,7.797512412624393,8.919561403675168,10.689459869270824,10.689284896185656,10.985279579204173
115,243,887,109.15676677775497,148.1388034532142,153.78038383123317,155.93595900362018,144.33256932190648,131.1637689900358,130.10913660655427,118.12997853645265,129.66379198524518,126.48503618484712,352.2422799584614,507.5623789660579,506.7921966420674,513.1839213084487,517.2521968945692,552.3426474646876,566.8745264720011,597.4288439521489,596.1240560180768,644.6717830869153
116,245,999,27.91540079161677,41.84465038231028,42.4543943860716,49.52646982103884,45.577560781098605,25.580810862314603,17.652635439170744,13.36994450539301,9.696951850824023,11.29227900430919,11.25213384440343,22.06092124330148,23.050600731691688,24.107259404155236,23.211410661874023,24.210553975892893,25.087753113956307,29.185740011938613,31.252988532405052,31.786885999296306
