,gmw_fid_uid,2007_area_loss,2008_area_loss,2009_area_loss,2010_area_loss,2015_area_loss,2016_area_loss,2017_area_loss,2018_area_loss,2019_area_loss,2020_area_loss
0,40,1.3832085611588563,1.936491090279346,1.8903835501018096,1.6598487421565447,1.5676416095771735,1.5676416095771735,1.5676416095771735,1.7981753733315224,1.7981753733315224,1.6137480303681238
1,42,455.67196242898547,683.141010790646,641.85641922502,648.067761290374,711.4957854794695,925.7201540483175,946.9303052140486,1134.7024749169586,1069.8177675867605,1159.264009920868
2,46,137.2165684611974,211.80586393526758,232.96445576529578,238.16726106861742,211.38701282616992,205.9926920228092,203.6839571306133,206.6042106602167,195.036244191528,192.8063146878252
3,49,0.09153483762100598,0.18306720227582274,0.2746008477020453,0.2746008477020453,0.13729890033128056,0.13729890033128056,0.13729890033128056,0.13729890033128056,0.27459528068320155,0.3661287494971177
4,50,58.24032020981734,71.35399077096277,67.93039992351265,49.14549430610876,40.35878572085233,28.06424365658028,24.14872531891195,25.455518989967405,32.66403679209666,43.61508223511437
5,51,27861.764245677954,44916.36788012467,45808.70088768226,48887.57214593275,54249.48031050333,57867.674349584704,56888.72810254541,54317.59039524753,52902.75496659778,56474.04529448374
6,56,607.9920052224934,806.4281205189722,764.7624862448799,579.3104152952791,461.36077217997416,381.4711937445344,397.6997242268,390.0185996397088,405.83203326115483,463.12180618571114
7,57,25.57888868302504,32.135346958239964,34.72095534806453,40.215302599843,44.55533196510645,47.51029299130127,46.309883208280766,46.910125891766754,47.87970900365233,46.6792515959075
8,59,4877.736477746735,6877.735687098764,7612.883082397806,8351.225989208682,10862.313085684145,11389.465716867937,11514.289296338331,11226.250252136715,11918.040615670101,12150.028914183838
9,61,0.38246986846420394,0.4674086854511763,0.5098695391395929,1.104546922018765,2.5059772907243643,2.548446857570325,2.548446857570325,2.548446857570325,2.548446857570325,2.3785734201944617
10,62,5810.2199499472445,10389.748491762193,10648.691968838653,13531.253693229499,15299.704277027795,15213.751077999645,14705.350395065996,14407.732950598958,13361.366180436025,11617.249171802647
11,66,1486.5695949098167,2317.6153855533653,2582.5568752117492,2768.1626348239206,2939.1213459419114,3046.284734294014,2918.311261892442,2599.264011899755,2461.3828951881787,2590.091790395296
12,69,18135.406245870574,26257.659406196028,27264.5352530864,29041.31738500085,35561.08196300286,38531.338962558424,39442.17611182746,41887.45961585961,44997.833501787594,45948.07093018858
13,70,0.0,0.1840131314752375,0.1840131314752375,0.0,0.18402120381454112,0.3680405105963565,0.46004937704549825,0.5060547385155328,0.3220334136681931,0.09200882603805327
14,71,56.90669781746795,103.04309420395373,94.24763276505104,106.38153090462627,146.17222419330844,166.91373020800486,164.28025948050913,139.72969884457797,119.31659904009439,148.5691109326805
15,79,1655.0816594936048,2340.442166731971,2534.2392694297278,2450.731750447998,2271.307715881589,2105.9346378097534,2155.3103024819648,2476.494188501373,2661.0569361322578,2717.3856574744223
16,80,117.51996828753893,193.93372767956782,205.77039586061736,226.35986815811395,382.93283332875546,478.99807798973484,522.8210860593216,524.0423948530088,512.5690129222376,513.0816926905686
17,81,546.8481546397556,1055.0189146311468,1149.5527658665117,1216.8643810021158,1248.3843985972903,1586.385856804265,1739.3792035447393,1794.3773647303212,1682.3229485554111,1987.985982211671
18,82,128.53730248844994,240.7374141073188,239.79809907575697,279.42059877221857,287.4481549977638,316.0381390371332,322.32911792132074,322.37560975691457,330.26226707666467,371.01040822946607
19,83,16.5234977573665,27.067518456167715,28.291071207423865,30.172213833479034,36.24278856168765,40.90218915163513,43.25601582210341,43.25726342708232,39.96376602107945,43.44620671774205
20,85,11315.2222192544,14006.174063403687,13404.95859564376,12676.008709411237,13684.54085222772,14316.19605976572,14541.733006625305,13731.450033863779,12833.083974834648,12485.673511284273
21,86,0.09226022602670814,0.23065335062400733,0.4613551661349598,0.5997511127895243,0.922843386348743,0.9691419825811304,1.0616604514407006,0.5998485129546037,0.5075908846108346,0.27693047452390085
22,88,539.2251281863262,814.3814551541095,869.6505526281447,932.6960856375199,1078.970449236803,1123.223503605875,1145.113081331843,1250.299267514788,1585.3871650607953,1956.9419174814018
23,89,15759.725649101318,21163.748078769233,21371.418261995612,23646.094342559307,29324.213158473085,31255.93822536869,30601.235311895507,29437.878621745043,29680.788938377333,29957.39910669549
24,90,0.0,0.0,0.04617634867232147,0.0923538551360794,0.0923538551360794,0.13853117490615172,0.09235370578031582,0.09235370578031582,0.09235370578031582,0.09235370578031582
25,92,98.02990153680105,128.0004840020726,130.63166341451338,138.43459319073423,157.9693831154596,165.01599063145247,164.1678225511639,161.4908245870883,161.35653847138713,167.46717899351313
26,96,111.775224026576,157.8552874359707,168.6013917960857,168.95798530487065,147.6356969356121,142.629378320485,145.93980895909786,144.87521908597728,141.13526284534805,137.1185006489792
27,97,0.04550256464902053,0.04550256464902053,0.04550256464902053,0.09100512929804105,0.09100512929804105,0.09100512929804105,0.04550256464902053,0.04550256464902053,0.0,0.0
28,99,241.63685375287292,402.76227248358055,453.4870806113721,630.9724665612835,777.7037438785173,866.6545809431734,851.7980060735126,803.3000341678551,741.5098959898601,714.9129198003961
29,101,7220.842147513808,11034.510197103045,11590.593996298641,11961.296074064758,11896.54519506346,12116.517900870149,12079.319566739752,11843.264787493788,11422.731446360553,11593.52903849689
30,102,460.25289122838393,674.0101267125124,646.3284052710651,665.5690649196446,650.6082033733895,674.0176554768182,651.2193464601127,631.8008531531844,640.2662499502238,659.4932475366102
31,108,235.25153130695804,395.64633742494175,427.17662759958233,419.96764157444323,377.95071035822383,360.39975914478674,365.40140247018314,413.8180282357252,483.7803235508161,578.4420042237325
32,112,166.8356403676818,178.80190471995053,186.32321035097752,41.79743097551261,8.180591809854961,8.180591809854961,8.180591809854961,8.180591809854961,183.26908455589657,197.98116654499287
33,113,808.5875555352313,1289.8778220714353,1226.8643304844913,1210.0547599418483,1324.3991094010105,1664.691417178869,1633.8300279883902,1615.5203103389586,1677.533310413289,1982.529997342554
34,117,3714.850688469527,4378.379763799602,4001.2806184153906,3170.6927584333835,2617.8835430781696,2500.2037966243433,2565.237932748899,2726.4817623249915,2779.645871743823,2987.0443356452415
35,119,2557.6205652591034,5554.210626144568,5155.57371474944,5534.322090618868,6138.136250207216,7624.434217172737,7811.139573917942,8308.33505496372,9623.89170835881,10510.83489592091
36,120,27.4757214403379,33.823820450054434,31.556473459734878,30.423601372181917,26.8897897517732,24.396542402652248,23.4896400644504,20.903777371212712,23.80481109047531,29.607745930232028
37,121,638.9650140330932,1138.3848681436343,1128.6102437623858,1212.503401358205,1502.1494348367748,1833.4247188460113,1772.4098074109968,1626.476271923222,1558.791756312526,1784.888705722129
38,122,4088.6625955966733,7604.8976397611195,8726.936515706217,8903.677170293664,8631.159889176337,9794.87974573866,10755.295633240883,10324.177767073732,9643.697769133747,11140.774431631737
39,123,47.41941658970562,118.85443241800947,99.93320895848765,89.55228987514938,103.37625058572488,185.99298182536958,221.427411539996,218.36037385757572,173.1098627737544,173.34409111545565
40,125,1.0614391749827279,2.9528835314226534,3.2754764055890373,3.644765341853283,3.690792707369783,3.8759821133015393,4.890897189385376,4.152688325822184,4.014174258269815,4.522010938838267
41,127,728.9456259728162,942.6618750402998,859.3880079563594,780.9646247801089,760.8757484181729,720.8361214038919,612.8651385622334,592.6337883957724,739.4927147336263,846.222536392531
42,128,3449.282748239641,4084.8491658640473,4145.113155423536,4230.036242641243,4262.5492631626375,4344.341932220405,4428.587171215135,4581.259659502173,4839.071952131339,5028.420440768672
43,129,0.0,0.0,0.0,0.0,0.22970717683426098,0.6431047458889738,1.4699487409206482,1.6536810642143813,1.424014860457597,1.5158114889853973
44,130,602.1698495636012,775.5089335497793,830.5445278718985,871.3604745830052,1359.2141634589955,1493.4695766463933,1566.8786210764551,1724.4533067203056,1879.6571969705908,2112.0230557385103
45,132,1456.136070111251,2084.708903144685,1978.5069194355578,1845.0856410932058,1921.1575884044144,1965.3142144524927,1837.3107934389477,1862.075323207366,2566.2683222184023,3224.8286162261384
46,134,924.793088055702,1115.4735848047203,1119.5991623764426,1299.3846953527245,1570.22779364758,1712.9587611707998,1666.3355646721063,1521.6559909978419,1447.2222174445242,1462.454569616892
47,136,95112.87013915947,135497.87028766944,146845.53283986423,156245.75184579167,176577.80677596273,189199.68047891106,196088.06103431608,200055.56024448515,199945.36806375615,189534.8588525031
48,138,15860.175311716665,21242.781538500894,21703.735168240513,22586.225492459504,20204.696331735668,20469.94207617324,20178.4465127957,20236.857984448987,21705.00589240362,25063.094332674045
49,140,2044.929672689751,3077.571193711835,3021.8301392240637,2945.5041862491375,2760.562430996124,3123.195408446474,3218.1415814826178,3231.3728640042204,3071.0463792964247,3536.595508849767
50,145,31.642038907117172,71.25418688505506,100.44737158927276,196.36362955776485,447.28639375056923,548.3012054295989,576.6566137963562,562.6826018472291,560.1749456220907,571.2801441434649
51,148,8.952969038020687,15.486692662269906,17.934675222829078,20.119160455370846,21.443328601884872,24.91486801699969,24.13753021705996,19.332621621897708,17.14092902533746,18.57880127365918
52,150,702.9901281775212,1159.1918463070494,1054.2942390270568,1035.7798120237644,1184.787155954004,1376.5487035144918,1345.513417565006,1231.973380094324,1265.8965537773965,1439.7624370364929
53,152,1714.3225643958929,2457.2429956080623,2663.9941722054355,2788.7227096541537,3173.2068143656156,3257.355492939815,3228.6789063891156,3100.6065225652346,2906.2497465062443,2559.188063425934
54,154,0.6766850508844353,1.6691545614917411,1.7594072903778957,2.255601227829917,2.6164428742312706,2.616465842943464,2.8871724979361053,2.1654251211570523,1.5788874245835682,1.5337450141197748
55,159,189.97766607885683,308.04295558295337,315.8365889777654,311.90658662681983,341.8355649808012,417.1223782166397,414.5557990920142,469.4286587785341,560.3704574275487,767.6242799357727
56,161,0.4127710932659835,1.1007408084198316,1.3759307334366526,1.513574264236067,1.467702902754553,1.8806243841529224,2.3852733938505066,1.7431231581177276,1.3761726931582572,1.7431898062663775
57,163,2820.758646384692,5283.118230592856,6253.55701107038,6569.016503448795,6013.428038646391,5340.659325131761,5117.521285959374,5213.957345783876,5909.393143333016,6498.980419892252
58,168,0.0,0.04492168076282626,0.04492168076282626,0.04492168076282626,0.04492168076282626,0.04492168076282626,0.04492168076282626,0.04492168076282626,0.08984341703895882,0.1347652643397103
59,172,5093.271818866203,7174.089824591624,7384.394327970662,7879.265169529679,8615.01467421939,9578.329057780895,9856.714307761507,9579.900775570604,9257.414402495955,9828.761162343693
60,174,33110.35077479071,51863.37206653727,59552.5627042536,61491.475377753726,64490.43609850599,64168.53113898263,61169.8686068559,54816.33417852451,54703.73102637278,64598.56783833152
61,179,33179.87709113984,42773.46057197092,41589.97135203955,45733.526255963014,57334.62564957145,59347.73826468823,58637.18564187714,61257.32153246785,61736.73441356679,55721.52684510093
62,183,4769.90065133821,10131.404180040709,11668.027330595336,12359.310843027513,12803.217160718985,13470.914718950076,13405.215905479754,14881.022108851697,17377.430524463274,20958.780633726004
63,184,24.596701038635405,36.98861616242476,43.799598138747406,52.2399665696938,43.887924066276355,58.50040380098594,63.401584352207465,66.92581878446067,42.90078365285852,33.00973462337402
64,186,14.449010362611519,28.439456017922353,27.752977790175393,27.478751673870637,25.14719267211317,28.987796324154225,31.6855300897527,29.674284289068595,24.6907619582871,29.307998554199557
65,187,19.460707301237004,24.60402128218334,25.35709470982834,25.447317810771544,26.289948456763092,26.82286655519287,28.994479698076052,26.821268621863382,22.167546084915088,21.36972371295687
66,189,4440.844841695549,7307.415339284954,7423.055493949478,7913.73534694206,10373.688050270503,11970.116313350878,12224.364302728376,12291.52944664277,12704.747375681936,13718.525878377499
67,190,5.710364580524361,7.137731503700509,7.8284713659426535,7.551629129429985,9.208135239688751,9.622361217442595,8.61007488535418,7.090594094582772,6.491563150434022,9.71413674676933
68,192,647.9387136556215,946.6782684008925,1094.7921435985781,1065.7824117831158,1006.4404175810554,859.1240456175922,819.7023887512784,747.4254779969277,685.3962568511527,754.7397143427902
69,195,11128.824804481837,16281.393278042324,16939.135390936128,17303.11794280735,19198.10701344916,21326.765805664618,21461.678365016378,21327.725906193813,21545.46122050909,23921.448921362877
70,196,1492.1961562195374,2105.38465692142,1937.6425285586463,1851.0542292605094,1925.295507792636,1982.2838963250886,1984.8246427064523,1930.5260319194006,2578.8926466864314,3191.582163780734
71,202,145.5575097261085,243.55153125411638,246.32093706876452,272.43790409245617,291.8027282062479,394.31415936967795,408.91517954763555,447.97926391350495,562.3283365712675,773.4640823009137
72,203,21.64529680519489,31.247693866389028,30.369095191575603,29.410161323841283,28.555156052741506,30.143363217562438,33.82721402871597,33.961466113670944,30.817982277813204,27.96930779700425
73,204,7273.22157929477,9722.914128963654,10275.532460296872,11420.419435357679,12037.662418264417,11441.72045062151,10159.605208785564,9720.78130304968,11869.179935479588,17820.28232072709
74,205,1104.0786975279648,1699.673837738062,1789.5008964998585,1957.513758189796,2133.049721392592,2325.2238404954155,2395.41623925366,2586.1680054247927,2974.5929784357672,3608.186517723806
75,207,479.31931607986576,694.0895291945058,707.0004267927695,693.2030061121519,744.0862186215056,805.3276723828203,799.4855274518247,746.9611233682723,705.6481911191925,692.7874301587023
76,208,10597.29967413919,16348.254785854944,17331.673886936238,17879.55081363204,17957.052996788065,18383.50166223712,18524.93656059404,17984.840823432343,17669.062691517585,18112.383483626523
77,209,10.298856886794526,18.676734029427216,23.402718945348475,18.909870533621724,12.263829166371291,10.065123801281473,8.708011425674243,12.078916633992943,14.420256538823843,16.292203888055262
78,210,2377.091224538963,3865.6011516252242,4124.7516126494575,4638.3676078386125,6017.191884929888,6964.305524999449,7321.029066844164,7694.952053453103,8662.94254018118,9750.477565118508
79,212,121.44456685352333,231.96424790865433,293.21909022698526,311.2003241857091,305.63205464980416,287.1714018456669,269.8774717666002,272.13456289011003,334.11116304459665,458.2899202548445
80,216,1.3959746140315947,1.9815042378282126,2.2965989905501694,2.5218730204660935,2.251700571006689,2.161647073600789,2.2963702863249407,2.0711245169856403,1.5309936530141321,1.6660028590838687
81,217,1.919276016505522,3.496941595699124,3.32600918691333,3.6672239209487567,6.099078195923956,6.31321854846051,6.9524329615941785,6.654318147388184,7.037904571148629,6.995300386963325
82,222,458.8343470048953,780.3231571954184,790.8053077700836,1013.1835717850495,1272.1172914851084,1368.6355497519153,1353.0694955796616,1367.221176316441,1391.007935082663,1404.606058558053
83,223,191.8361582003867,263.37140569973474,287.64553503559694,319.77612775972943,350.13475567403145,365.70067103610893,355.90166893854604,352.8443289771207,370.3348762414674,375.521856756091
84,224,1438.5334344102484,2443.9329362027393,2598.9000769069416,2942.055842607443,3186.5003636303295,3680.0310678370774,3772.975887383325,3730.9160255584643,3406.4335524270555,3699.8534335152303
85,225,33.35747091622579,52.46628608460791,48.267101654841284,43.69024175342757,55.957152192429106,64.35543892372006,72.23484556636404,77.47196581732732,81.529484927125,85.91736894744848
86,232,278.11937337970664,470.21884176593204,496.15602477269573,544.4445195949972,654.6953500975176,707.0602584358383,761.5488958298733,723.1446328978645,779.9969279654587,875.3520496205084
87,233,1518.935476133962,3472.7160844625623,3170.9207046321767,3337.107162581551,3021.7319156255576,3454.94608756736,3397.8927741984953,4138.479527827283,6455.803550270279,8130.074033021901
88,234,222.83417231236916,345.9107118993346,337.596652600576,323.90301209872996,366.73741117978193,371.3412769469398,347.5308301772558,363.98692934454596,493.4512719275605,656.8910366506134
89,236,58.70060597179055,85.76740340333308,88.9736499602714,93.8691362530781,98.68377526820994,100.01803054911744,102.40762308939908,102.3466840190737,109.71439555590518,124.27966494170106
90,241,1826.1815416906657,2391.9356631792907,2500.1466127884123,2349.1147726509353,2373.8539104401707,2421.744225908666,2703.864867757267,2872.599215424588,3214.611634253317,3872.0610559762954
91,247,0.18816359293451232,0.18816359293451232,0.14113164342440382,0.4704237090925609,0.8467179055031362,1.3172117357034834,1.2231794877388862,0.9880571754918948,0.7998206884328771,0.8468643433296902
92,250,5.583579665586614,8.44572248833362,8.351884965995085,7.648116064314675,8.44578033250817,9.431106393836544,8.258086366630552,8.86800854943652,7.788806375683661,6.475028556341624
93,251,7985.889316550775,13214.810709332367,14184.404049193801,14138.572784689515,14218.785511954586,14169.026628991936,13404.706141656656,14060.744795253684,13486.475434243514,11908.56339587441
94,255,26.921080023778682,40.0801664275088,41.152909612018874,41.80533125624176,40.404670644208416,39.65761471461232,42.31809896774185,43.018318828139094,38.49180304458673,39.74973534306274
95,256,14.302029213580349,23.77219448007313,19.231093657595096,14.271940406988676,12.331681360924401,16.16315305495256,17.339882381614864,20.710635800755163,21.363756868797857,22.88837833798067
96,257,136.06921830120478,182.6512683731633,183.63217258382122,184.26623206851698,210.30425135917775,228.3585464968442,235.97714737124244,199.06737716236339,194.2099295204207,305.0973971801314
97,261,1659.1261987504383,2788.3973199004868,2663.0996446454965,2848.3024055272317,2981.3973509775587,3324.0674143475403,3274.8288184609805,2889.136081525091,2868.2122787394483,3873.9828043359894
98,265,5384.952845066207,9279.751760891359,9828.141259763728,11820.421251014172,13672.762995500925,13938.480152489361,13644.720277211361,12529.69701977393,11433.31576568688,11351.727234418478
99,268,1.1056328367466823,1.2438475290607307,1.2901120968005824,1.4280438596440193,1.335958547028038,1.5664434079621277,1.5661895690949115,1.5199343827975305,1.3356304351264796,1.42821488464665
100,269,4110.377292412663,6066.487869871229,6527.464188366774,6845.336921059993,7494.377351525947,7964.672383152049,7879.794131268568,7821.852812847842,7892.272642286242,8265.701718719261
101,270,9.044244273475737,11.37261543736883,9.894484725792767,9.267551559680864,8.103201355966284,7.565825566794852,9.312295764436392,8.417077684689412,9.089659416067724,8.687452309984875
102,271,15.298954661186892,20.922429893489188,20.921347255968378,20.78578292541249,17.81699505870059,16.333472985367443,15.523608079168827,15.342754779530754,17.18829196454839,20.78332457678323
103,272,6419.518162709907,10333.086324472588,11301.945976353098,12010.925232096592,14537.91920880742,16164.512077664573,16703.68430943536,15252.137630756537,14734.96154258481,16748.554562284236
104,273,1.1767364869822916,4.747215169961494,6.600307025592799,8.596831421265318,9.412783567450262,10.091813828478276,8.643125697149825,5.2082538925454145,7.610242215591286,38.39606600148246
105,275,1.009485128864476,1.743471128958074,2.15631656635399,2.477399812731176,3.3035496215252227,3.5788949156707863,4.129271417429793,4.082814542056931,4.403608902899032,4.908436142581374
106,276,173.1961767934171,256.07393283699605,254.8875599698916,257.89571055315855,262.96580476282276,281.4317945420664,287.3445271105653,303.1904191457546,303.1427842094894,333.91647612971826
107,277,129.52917996461207,182.51456130003314,189.7143489055846,192.28545897261824,196.29456660907877,215.1120568266434,212.50838756371343,211.46729684991593,200.7776287933947,208.9840172731389
108,280,1.032621290200451,1.1673065491214878,1.1673327407736886,0.8530557068420384,0.3591765679092928,0.314278261469913,0.3142695494167782,0.7183345958816622,0.8530443723319684,0.7632475920854208
109,281,190.17073829315814,289.0323847008026,299.3143477340491,318.7900064663523,301.5083416274835,303.76084179657414,299.3341050385891,298.61817997265075,279.5423604012273,285.41466453327104
110,282,0.8301464460081437,0.9612221912174205,1.2234047912024275,1.2671108320050841,3.102280495582506,3.582918833034024,3.102258705957637,3.6702956067494577,2.665326809539372,0.5680146991252695
111,284,8.736346987518829,17.128472297871546,17.896876187886363,18.717283849016702,18.02173173693499,18.79748350119878,19.478555745205732,22.66030206871629,24.26534877665361,24.679875798018468
112,288,82.70636902302968,107.28733688065255,125.25980911437551,136.98869447688014,142.27832990851334,143.86279709274802,144.1949031291995,144.0986352101732,142.22160996070923,139.88066659353817
113,289,0.0,0.14093694100866416,0.704684653279111,0.8456215252534537,0.9395794283964917,0.9395794283964917,0.9395794283964917,0.8456215252534537,0.8456215252534537,0.8456215252534537
114,290,3.286674664100981,4.863565453705469,6.3508372479957425,5.765329809683834,4.863583142869702,4.367778538868652,4.3224650845333485,3.782685982812084,3.1520110780477952,3.3321050432590114
115,295,7329.9799227451185,11074.81951845959,11476.221103047688,12147.538693137067,13208.506428735602,13918.403110567295,13614.23255661686,13018.281012760975,12851.959512591311,13515.211201161661
116,298,2556.726231917848,4183.9842756157495,4407.823917402016,5164.80325241669,5395.868140993043,5259.3719602591755,5145.460933691924,5140.850783216345,4854.929738954969,4348.98293151118
117,299,3.2812547415287794,3.494324831918342,3.494324831918342,3.2385055297867966,3.3660643056760353,3.6217459959841865,3.2808365815119034,2.812089871402658,3.0251571535483777,3.664359390004601
118,300,3232.625250398155,3839.754465417679,4526.910386917323,4982.086374708997,6445.898172267964,6971.880210824082,7177.407771057317,7177.214806711046,7186.81575633699,7209.175536832455
119,304,8750.113630239113,11241.28681064108,11715.43390948738,12763.490557152005,15471.346495646825,15903.883719100762,15722.396176044425,16300.336733453496,17070.733391811988,17026.96820412236
120,306,186.59751267873537,280.0741078819119,296.2922642532167,319.12259754969375,336.3215159763172,354.3585457008369,351.6227804486185,330.07633987596,328.67298331589035,348.93458644301825
121,307,261.96942981482414,431.1116229216179,440.73609626488656,491.707013140873,582.792667892742,625.6724438615007,689.7464558861483,667.255101472914,726.7087249491208,832.596326955902
122,308,6.207304076156781,10.20447174323489,10.580652504797044,11.097912451346714,14.483643476924305,15.37719094421353,16.129721349929042,14.860262746628514,14.43698124270057,16.08285001256224
123,310,1467.3017167787484,2007.8360727623337,2074.421561238866,2276.9444937277217,2570.979279006693,2644.115610208176,2617.7929776959295,2669.458563136876,2721.2320834094853,2637.4686487093363
124,311,83.48738132548209,102.59751241611173,94.97547995568587,93.2726756434154,77.94093988390782,76.78409557473007,66.90995074956933,62.87008149476883,59.47927389646001,57.20756958432572
125,312,57.84602464714695,93.23785131593093,97.84724978452952,99.16541810722728,93.28316191153115,94.78827959106633,96.15070872643892,95.44392118242652,94.54903699156978,113.03920213931445
126,315,153.9121181943545,290.0664941395482,337.81375068227834,353.844702080968,327.3337896043769,293.2915306271633,246.94959153914616,245.8748242667857,262.7854284295647,300.20604226179296
127,327,27.320563229528574,40.69926277069442,41.26273718189104,44.877458731306675,48.914586462456256,50.18211659459534,49.337211542504534,46.80229700509443,47.45942226070255,52.52909107419145
128,330,3256.17862593278,4377.383426882542,4399.467692005612,4740.784100218562,5796.771139526081,6346.055562027961,6311.614402894196,6156.985644763582,6186.837857036205,6365.5935999035855
129,332,0.0,0.0,0.0,0.0,0.0,0.0,0.0,0.0,0.0,0.0
130,341,13.330869550157573,23.397533968081724,23.213822012516182,22.707832341145618,20.27103414067421,17.972538125888853,18.616149732742777,20.178848074607707,32.864452797270275,43.75757487931643
131,343,0.6134332725516455,0.9909249456539206,0.8493658873966302,0.8021784592249595,1.41540894759928,2.028674853380222,1.9344252325198348,1.9816120656178975,2.406150039392993,3.2080202831769316
132,346,0.4522026739470764,1.8071134729316918,1.6275890802739388,1.1307172046893703,0.7686727246470713,0.7686727246470713,0.7686727246470713,2.4880208521276703,5.290192734441105,5.606976825844103
133,348,0.18007128698312438,0.27008454403267224,0.18007183185095954,0.2700841079826638,0.36014290129383364,0.40514852171211424,0.5401673447780178,0.5401673447780178,0.3600515023892184,0.27003835422405276
134,351,3141.9215397850976,3206.0142994844546,3093.7566132968823,2978.1643179721514,2509.781140637735,2426.8236352408585,2324.0730941181455,2266.2911800512684,2291.823959173199,2314.38852683187
135,353,7.501775953316484,12.924853226909109,12.461600602417391,14.231336326238205,12.692109357978545,12.837068772296892,12.473054339851725,13.703182684914783,20.361985348845824,28.082366717401843
136,362,0.0,0.0,0.0,0.0,0.0,0.0,0.0,0.0,0.0,0.0
137,363,43.32696241960973,48.042775876141135,49.5234388752986,48.22736957222142,44.386201821743384,36.568460591217274,35.50483627259149,32.08195424642129,31.7105507049868,28.567504664534788
138,364,110.47093512939257,167.80795724971262,177.1518874190253,184.3709279253054,176.15952345276742,179.22702329681636,179.88755481963778,182.2490055966483,204.1462758271436,250.5832355902923
139,366,36.75253206485914,52.418148882782056,52.924008582630876,59.860538212695005,60.22868323589613,62.295916242520605,63.352483188128694,60.91904064997494,50.493264731714255,47.50902666433207
140,369,0.4696179571579958,0.5165798425410899,0.4696179571579958,0.5165798425410899,2.7237860709671438,2.7707478487707107,2.7237863220823986,2.676824795394087,2.676824795394087,2.676824795394087
141,375,0.4610981742109699,1.2451006004173735,1.1528745826194569,1.2911764998250428,1.245112362213234,1.3835374260073614,1.4757239143561418,1.3374136289311123,1.5219710080881055,1.9830554806922986
142,376,64.43655108471455,75.02523348269253,69.59800269241563,54.71634672554648,41.003713489944516,36.383675410059766,37.30177138023821,33.763743062065124,27.0138385375977,26.70097191634348
143,377,260.41882831478176,492.7108626378683,529.5360231185482,595.4695787373053,610.3809676817549,648.5573890435255,692.6963415278888,740.5780155502238,846.8255083940693,894.50753775905
144,383,317.9449973109563,550.9729960112973,684.3160021065694,733.7202851702592,766.7501966796749,709.3821374350357,699.7681565255132,643.0919178725314,703.2675993277333,757.6128587634988
145,385,86.8677315871939,133.58555570566108,131.8674798835636,136.73113816653233,134.98193383583956,149.3765622763465,148.06361638804734,134.66873681195602,123.22859092363355,137.71498739801518
146,390,1.8809145057338756,3.009525746502902,2.9625343837968208,2.304140440476368,3.573840560838228,3.902956955585321,5.0785174378369335,6.6302744831698135,6.395151021274957,1.9280207410306085
147,403,4.461811075832996,9.441772851917872,9.770537731597017,11.931118240190223,13.903726813664814,23.53643782152306,23.349413453892176,26.075369292262604,28.32991491524719,47.40656238513063
148,407,1291.266382337698,1749.1869999070266,1688.0926841326166,1627.055801856106,1657.1379705727632,1737.4445323072425,1769.9273435287894,1882.0788594835924,2010.5865275892293,2062.856701665126
149,408,615.4301469926795,860.7611079042882,898.0758839808217,962.9754200214038,1140.1779072665731,1246.2860750714453,1271.6694549678077,1228.4001290408623,1232.2128694694375,1303.7438152124068
150,412,84.04237928700914,96.95016328553547,103.73662023577481,109.50412960829864,113.8105982167626,115.00930544660613,118.77670143047771,119.04395321958981,117.4469762678321,114.74327397604452
151,414,683.1421988619595,856.3037360763196,903.1271177542781,952.0456224016641,984.4959938980609,987.9523887561667,952.7778521783675,930.3983140388609,959.7870090075351,993.1431195382354
152,418,1076.8751396487269,1676.6880967821176,1819.935373132755,1878.5244384225089,1947.868928729158,1929.9703002065728,1910.1606116604244,2002.029850943514,2194.0366453960905,2367.3277231359734
153,419,7.270812801080165,11.35044092633051,10.64980016595495,10.299308745999703,9.160352646441087,8.726076600869439,7.979258345273331,6.490743572182992,7.19206660402229,6.4208052701895415
154,426,1.9033222547010202,5.346392167252228,5.436365733067975,6.025921319778833,6.841051067194045,7.112700742817818,8.065271971636303,6.164166327456161,9.925492224487858,30.86698132985175
155,429,700.9917079854396,945.466843187712,914.1254731589179,960.5667250447295,1010.7851868670143,1048.8746296058732,1085.2337583687104,1039.591436602475,1113.999955781378,1242.72502159918
156,431,215.8471764792832,306.34533197150006,303.9623457372852,284.2385298224104,300.5085443357642,304.1733767038932,325.5056141478251,340.78829566812306,363.2822379033244,432.04551277790523
157,434,1.6813730594824698,1.8210142200625736,1.7741098531342225,0.9319820951698691,0.32679080903756974,0.32679080903756974,0.32679080903756974,0.32679080903756974,1.0761491857641239,1.123020796967356
158,436,9.737429724342395,24.01441136423541,32.72070790849857,28.55578103123089,21.861619903384632,16.057513503066783,10.112476277213823,15.587888586263832,30.5177046771693,35.431134648727635
159,437,800.9462264151864,929.8632514083591,946.3212954757868,1043.4659552155058,1353.795146682774,1414.6695353202858,1338.6778010731357,1351.298253818736,1515.7514113993939,1763.4078621097215
160,438,329.1760317190844,519.929959811647,547.0310986867242,615.590084501845,697.2576145829918,774.1073789681789,788.7941689573845,829.3665929550409,972.7769512747763,1145.604999901394
161,439,5.918131910042109,9.040288435884166,8.807279045548075,7.8286935213207105,5.1725399510464065,4.147360540445997,5.731651484205871,7.595526891380837,9.179902663916975,10.764272882667235
162,441,1218.4904464110446,1994.742657674597,2092.7124615179127,2204.1211472803866,2313.236773259548,2436.192872461801,2469.6525535572046,2400.0537447387424,2401.235041415781,2504.965874542424
163,447,5.551554905104304,11.103919298131748,9.331125218956412,12.083556950782732,11.243787583767094,11.804125811796878,10.91817821733078,13.71729766128951,14.370435728694662,11.944702772411357
164,454,0.0,0.0,0.0,0.0,0.0,0.0,0.0,0.0,0.04511291381028216,0.04511291381028216
165,456,0.0,0.0,0.0,0.045968736950074904,0.045968736950074904,0.045968736950074904,0.045968736950074904,0.045968736950074904,0.045968736950074904,0.045968736950074904
166,458,422.86509928993655,703.5145411688917,733.1675290183272,928.451002104716,1155.628277906967,1232.7096586686087,1202.4234223734768,1198.9331040626798,1210.1037024985014,1183.1076393198916
167,460,0.0,0.0,0.0,0.0,0.14115477078127886,0.32937591340837613,0.4234972606568184,0.37643575722341593,0.18820553444200874,0.18820553444200874
168,461,167.63139473398707,266.24796876913234,265.1548613225194,286.6740790941553,274.84694652002065,282.0518434560543,276.9291300116521,303.38008162957277,372.41342687988833,557.2498662639308
169,462,22.741830488106324,33.45220631774439,31.98949986579022,32.27248287776863,38.64179804666822,42.69934772175189,44.44505061091953,43.02953840019349,46.52092658583628,46.190721602521776
170,463,1907.7459927610348,2322.733634071642,2138.8274664386286,1791.2968449883867,1296.376142120776,1199.83594438224,1305.863342567182,1273.234195517497,1317.9602230581831,1414.0077760312474
171,465,64.66598381443961,89.58223135476956,92.24866015870782,97.96199199516793,104.74443442995731,106.51019021924766,108.08119564515145,111.29747520571694,126.16362929420812,134.57184708663848
172,467,0.8037609902708251,1.571491061026944,1.56947694508469,1.69028269672834,1.7323766899089108,2.0573989234000223,2.300150015904772,2.38008057507046,2.258490685142719,1.9342504505864033
173,475,3.1389889382194305,3.836569226764768,3.7492513244647774,3.7928801118106525,3.6619940263321773,3.8365088300169,3.9237060079607824,3.9237060079607824,3.705562762632205,3.4437907299558046
174,477,3342.318502041641,3835.4144861297636,3904.037439984191,3734.2085954924305,3599.65679291749,3716.183618291024,3954.4909659748155,4026.6528801369163,4101.293664069553,4383.151932557406
175,479,613.5780958267312,795.5397930816207,780.8408913895842,710.5573384978239,631.1578100246712,590.9558078396458,576.6430124911558,602.5353288963297,617.5961977116899,584.753358456924
176,483,8.38883422330274,12.39377209005479,12.348776287896936,11.8863184990663,9.845335589786393,11.039126639479369,10.902765072243065,9.61652486440354,9.28948827701183,9.131177199496769
177,484,26.882878158547772,37.611766458362936,39.14663715491657,38.3559720833408,42.53212482324328,47.8738217028436,46.296530298262645,30.09679509327595,24.99111848269202,29.076599579327063
178,499,37.031707014282325,49.02330493923717,51.42947591077268,53.61318762426853,54.815995280399946,55.12693836035485,54.278119565749655,52.36034237216795,48.614301087644776,48.12513294582941
179,501,4641.455765999621,5917.4680183755445,5958.014699573212,6307.971353924026,5513.276487590014,5003.305496791648,4593.818651518943,4973.075732185453,4905.67304237755,4449.0140906908755
180,506,649.7771682523712,926.4023000449562,948.434926506523,968.2961885306333,989.2177798397672,1016.7517401824853,1108.243183555111,1187.1407853553155,1257.4742161251006,1323.4941266813764
181,507,0.045767153904521685,0.09153302704708027,0.1830679529789609,0.13730062246213293,0.04576587314255859,0.04576587314255859,0.04576587314255859,0.04576587314255859,0.04576587314255859,0.18306746730962015
182,510,1.233947161864709,1.8940753375259782,1.7615431394710488,1.6738427983472444,1.7616548203676767,1.6739891704331897,1.5853446387798702,1.4523725799953784,1.3201887512186257,1.0565078464876434
183,514,214.42756766502706,348.5784669048889,383.0117436377136,482.81172557488185,579.2909441306551,580.2793655723748,539.8019892864647,514.4830588802874,524.0115979240531,582.4601980737543
184,515,0.0,0.0,0.0,0.0,0.09194038072361994,0.18388092516332355,0.18388092516332355,0.13791104177424696,0.04596996525727126,0.04596996525727126
185,523,0.5042302449577526,0.6417951430662789,0.7793369237128654,0.8251419154257734,1.7877014254699912,2.475225575444248,2.7960268839003746,4.216662856495006,3.895732643590826,3.6207206809989385
186,529,2090.955890021328,2903.7782904811206,3031.7466130914854,2654.4937696739407,1989.9718428755086,1748.0155073381761,1788.664465769688,2008.6960577823,2246.1657341911996,2443.0016834592107
187,530,616.5124002701898,918.4415873628398,963.9242051038312,1035.6810883253274,1168.7730454790362,1289.3349788685719,1317.7448272417607,1267.7406163747423,1190.757956878691,1165.267929080832
188,532,0.09226156037084735,0.27683922942105177,0.2307104916757603,0.5536818688966594,0.9690011328180202,1.2458665995874805,0.7382847793679668,0.32294073809618484,0.13841501965863978,0.04615773524319336
189,533,68.47004801412308,111.13608934075992,130.1802077163081,148.15119168610065,164.53319147357172,168.90174515364063,165.21847006134374,163.92241209024365,184.3574989796144,202.8210874641714
190,536,47.33562359584175,54.39677664429596,54.97303464697282,57.19766647859305,58.80096855555309,61.431440361602995,62.010241568023716,59.915264475852595,58.13701967968267,58.54268936217139
191,537,3.39784730630383,10.382342410560025,12.128428338461266,18.688069364589268,36.47935710129373,59.69795261537483,50.49561310447895,50.44840310033577,29.82546215102433,17.130725936390604
192,538,275.7200085149459,364.78462393161044,378.0437658954497,403.36689294096766,425.2460748213998,427.36788983638644,424.0684868623798,445.8473344120585,492.1386457096652,500.4365625438278
193,539,718.6218285028053,1003.8510137157566,984.6473104680288,986.6295864712052,970.8274900820148,983.0544117589724,923.3046310167053,923.1999579784299,991.138835183628,1013.7705708681086
194,540,118.76067693333971,180.72180150875676,188.52093762548395,186.13550710987352,188.28320248847422,181.4288394523472,185.1030896273335,204.92787761177567,254.93002048014347,280.9572359462841
195,541,78.67887097690914,143.8515587044806,204.61537453129856,209.38746550471888,181.7702961876515,163.54456650839728,161.47388578688015,124.35717066291939,99.4919550123142,120.47426018281008
196,543,2.3025624111172034,2.901186845339695,3.4078592718319545,3.8683651013498728,3.2696980754320375,2.7630276522302495,2.993108503618224,2.440518059434902,2.901056531047155,3.9141250238659366
197,544,723.0111553782956,906.8389933208135,1005.1069101866088,1099.2836501110132,1248.6887326695405,1311.0663518253123,1378.4117637797474,1468.3763246539233,1541.752180492888,1678.249515935387
198,545,70.69624423215424,92.77794278160655,91.21160643788829,100.95506548152034,109.81935449304231,118.04830183697997,122.29423693106699,131.543501918628,137.71907199364864,142.95910911937426
199,546,161.85375949604656,229.8571194995139,230.30360328319824,214.60121832878045,243.99526731794353,266.62818829449213,235.6323554430922,230.5211455109293,310.92827108859217,375.74268056457197
200,548,2674.921942831872,3084.3498703515234,3416.332136096591,3823.4559794264906,4699.3232859173895,4996.621195760397,5207.0468363498285,5297.787902447226,5393.966630257555,5556.864310677391
201,549,24516.528862937128,33152.51128317739,34085.17284201899,34238.66245765103,36479.95359111203,38060.7560828703,39082.33859329083,39367.231378544515,39930.546246312995,40231.78136920494
202,551,5.9748711358231965,12.134875378972147,15.688281451092731,45.15015268943841,107.5348603303946,132.63044198455594,136.99711555576818,130.84068713631257,129.89918150908423,129.5851636410211
203,552,8.502424935745225,15.62335740988068,18.075264913119458,18.72252449641229,18.00018398585076,17.214939623922618,17.994805714509425,14.295888061485103,10.95352552948976,12.579308936797702
204,553,522.0539054049789,719.4652331371153,699.1402603753272,653.4640226370475,691.9024092089778,708.592473906951,679.4603776857475,638.9455917774344,668.4056710282334,715.8220326970279
205,555,1708.2056009013957,2109.3298192629572,2125.5731084844874,2186.9910981649728,2263.5449040440253,2346.919411032308,2326.34169413335,2197.9042485554714,2192.882424885317,2325.705640898901
206,557,53.430634186264314,103.45276285594478,103.75770735350227,136.24084157007795,167.62471504552218,188.05100686127128,192.0390685612282,202.45829412514573,262.79036002557245,305.55727110009207
207,560,109.40307272630865,114.8035336821626,116.30541925482929,27.97238807162801,7.348093627591594,7.348093627591594,7.348093627591594,7.348093627591594,95.99174342064168,105.69028599796134
208,561,1308.9089212833014,1740.4781087438496,1929.8161636122113,2232.6311416746803,2982.750569704645,3290.282029020598,3436.006583995137,3624.9058715972087,3856.898686272828,3935.2139144577395
209,562,76.99549578966992,104.49694834792012,102.66350797330281,102.71069729652005,99.17998367520119,101.25228477140459,98.42436904123937,93.66660940008838,94.043026186531,94.51137043403043
210,563,572.2230861639626,969.934136072414,971.185593280792,1012.7867576495364,1017.8253531068,1077.6529843871162,1131.0870046501245,1101.3201166678784,991.9254484683614,1007.6653309825657
211,564,1.3651064148880745,2.6851236913259005,3.66491217314709,4.006094517472787,4.304210948295188,4.048511574843613,4.218724429720177,4.0908188702842665,4.0908399089443375,4.048220120078491
212,567,11.309223535965415,18.938968684361136,22.7099855732139,27.218625941248494,34.35210537896853,36.977015428352445,37.204240099178264,38.17128072940896,39.093028870848386,40.42751134130293
213,573,241.74465393339582,326.05342105756336,338.1958457542669,366.2478158063895,417.97398153339253,442.60732631344473,424.9738869755848,431.2280719801523,457.2563017899104,463.87114699442
214,575,164.83957937926175,291.22391304679763,320.89462344994956,391.53591448725433,434.9704225505784,448.6587847772368,442.9900089568324,432.9034485635691,420.7511135290076,427.04074054096696
215,576,22.224894937947358,24.804102027712965,24.377286302877927,23.169866630720563,24.805218728501927,23.823443295316444,23.69408298906063,23.480529939021388,23.007210714744133,14.561779461376924
216,581,7.283229588334248,12.632227860235965,15.149581639869144,16.767962730718104,19.5565514568997,19.24291380083723,15.331718514490428,14.117060461160662,20.005550005677172,29.761689415833946
217,584,1359.1795723345613,1778.2772826979635,1771.072765330744,1752.6120191555635,1793.8679633701847,1918.4596100960764,1884.685969615541,1790.8033059576987,1778.0793995531844,1888.14285390027
218,585,100.29068569377743,138.00608094310195,138.59447123027275,140.54896376042421,138.63754750933032,147.4163769233287,152.78644094648934,160.66343766863122,159.69801318925033,166.6175974949959
219,589,2.6624378393970964,3.9096626623370785,4.943045873633159,4.257136442057659,5.75894829758925,6.019548765157335,6.445857450341843,7.74027469205853,8.349069691650122,7.232402373485204
220,590,54.85060841939876,67.93664600783679,68.4971365997767,70.47873016910586,71.8323877797918,70.94699087954535,69.69007180975429,66.8471863004865,65.2197349199239,56.9048819737333
221,595,0.08953582458279674,0.3581431263685606,0.2686070724960764,0.2238393608338173,0.13430347892528496,0.04483398851456004,0.04483398851456004,0.04483398851456004,0.04483398851456004,0.04483398851456004
