,gmw_fid_uid,1996_area,2007_area,2008_area,2009_area,2010_area,2015_area,2016_area,2017_area,2018_area,2019_area,2020_area
0,3,632.0874219033537,632.0874219033537,632.0874219033537,632.0874219033537,632.0874219033537,632.0874219033537,632.0874219033537,632.0874219033537,632.0874219033537,632.0874219033537,632.0874219033537
1,40,32.189533863312846,30.80632530215399,30.2530427730335,30.299150313211037,30.577210346865026,30.669417479444398,30.669417479444398,30.669417479444398,30.43888371569005,30.43888371569005,30.623311058653446
2,42,28995.25851154042,28718.97334043632,28591.91770856672,28645.243531118445,28632.93062512313,28579.943987628118,28342.792607698626,28351.678313190452,28144.442379334363,28225.516943662078,28143.3579659147
3,46,2073.8735391990062,2071.847712106188,2154.889522208422,2120.240398643148,2007.6768343571816,1945.9762426950142,1939.4055990523045,1981.6806353244808,2006.4661705993599,2022.9787135809204,2019.3088140273467
4,49,29.357195917228022,29.265661079607018,29.1741287149522,29.082595069525976,29.082595069525976,29.21989701689674,29.21989701689674,29.21989701689674,29.21989701689674,29.08260063654482,28.991067167730904
5,50,785.0068381117487,732.480403256983,730.239641339104,737.7931018602739,771.5312188653415,775.2097274167824,790.9365864286876,798.2363217044865,802.684934063412,796.311299028073,787.3554301391387
6,51,893392.6480953459,877063.3353223634,865644.8093161241,865722.487570671,861032.3809680716,853932.0507594047,849531.6027746337,851363.2963591801,854785.2238925012,856692.6219133517,852829.0409555594
7,56,2930.415809269414,2403.8525903975183,2295.7444152018343,2446.89147228345,2713.2935672434005,2875.587137547967,2972.6889848969095,2960.6185630946547,2953.549997186179,2932.418586744164,2893.3096140281177
8,57,306.1118579398036,280.77092694745124,274.3096525280567,271.77163523644776,266.27728798466933,261.9848499877924,259.0298878420337,260.37306895064836,259.67764434125144,258.6604707876633,259.8609281954082
9,59,429882.58531862387,436343.534873714,436315.6908863871,436369.25647824944,436669.48129927827,436484.8362453071,437155.0976521402,436332.5718489134,437612.7198527365,436866.36598442594,437446.2389277919
10,61,59.239045241028315,77.1085014744385,79.2131558182733,79.78348888289133,75.16158914200793,58.308720385149456,57.434665578245166,57.259591253129905,57.47842648500015,57.259591253129905,58.17350867011635
11,62,134072.64768878088,128403.5706815572,124030.27969562913,123983.18447826302,121067.15622106646,119185.03763626907,119179.88303345357,119766.2643779108,120135.79010324086,121311.5105148885,123139.30367196626
12,66,51911.212853784455,50776.07031060727,50135.65184666083,49850.15514528707,49590.524134397056,49376.225807230265,49260.04159835955,49448.880966956676,49901.869087041516,50076.36795256433,49930.88087739797
13,67,20.941198617230526,20.941198617230526,20.941198617230526,20.941198617230526,20.941198617230526,20.941198617230526,20.941198617230526,20.941198617230526,20.941198617230526,20.941198617230526,20.941198617230526
14,69,930401.276656461,921308.7592011729,916810.7976711701,916450.5538232086,914248.3536146227,908127.6765725916,906649.2855626191,908451.3000623469,907639.2111805619,906064.4136871704,905327.0029719231
15,70,9.776483079044546,10.203261245829616,10.446019957823983,10.303764687406957,10.724871988508092,10.0666548323366,9.598117163559147,9.45868863942192,9.460100980250798,9.881213271282522,10.632853344162376
16,71,10505.23317940201,10514.642626753046,10498.562376358559,10525.294546422556,10513.50015918642,10477.345545655606,10446.181279319286,10449.057140928415,10484.75769610364,10540.123329843871,10511.258731575523
17,79,11805.366117368745,10889.596692888426,10642.133702685902,10392.89664575644,10139.067642313827,10078.994721453275,10219.623374798111,10261.732074950334,10061.18681502128,10041.09877718993,10061.011715379731
18,80,5737.69206932472,5743.07621913776,5749.342705603308,5754.664173246302,5721.864001057324,5518.18487465164,5401.909048968742,5356.5828035732175,5366.21994482637,5389.470700152071,5398.749618304556
19,81,195055.80160587156,195568.69958113314,195437.30401927812,195414.19897216067,195504.8665848761,195612.47054919036,195108.69794134182,194816.38355676702,194751.7696038189,195088.41687895134,194922.2668597602
20,82,22039.819511078887,22033.657029928945,21958.570745644873,21949.92877544092,21877.83695917015,21876.19710648569,21858.107982490652,21866.575303022004,21887.3843106614,21935.048567818332,21901.75261078988
21,83,2048.9490016299633,2050.766382869221,2046.9187409711071,2048.8494157414316,2044.6400217030377,2033.5234955889432,2027.4085710571128,2026.5590086637192,2031.0220492681442,2040.8177968886307,2039.9073172474284
22,84,1.0249971170910732,1.0249971170910732,1.0249971170910732,1.0249971170910732,1.0249971170910732,1.0249971170910732,1.0249971170910732,1.0249971170910732,1.0249971170910732,1.0249971170910732,1.0249971170910732
23,85,268656.72664580366,260394.34495836837,259206.809056232,259959.9107549481,260693.642965736,259520.70244650808,258751.42341730418,258687.65426734142,260059.28256589844,261176.58206050968,261150.00560936515
24,86,80.29569688769824,80.67909006852472,80.96878949680571,80.88102630452403,80.55242722534723,79.84878585075361,79.80247210681091,79.75736031368427,80.45692045530231,80.45408212287803,80.30435003694137
25,88,37363.127729620566,37693.762245291866,37682.39054178867,37730.03924178221,37703.04226848031,37588.535116246596,37560.555929733935,37552.32368855767,37370.17919166626,36932.9992779395,36577.32649441748
26,89,351810.67967914353,338694.94443863194,334326.74405513454,334303.39658113226,331870.36880774103,325714.05774120975,323670.37364608486,324515.1297752374,326285.9580682832,326601.99453874613,326479.49390411424
27,90,39.71691554761833,39.71691554761833,39.71691554761833,39.67073919894601,39.624561692482246,39.624561692482246,39.57838437271218,39.62456184183801,39.62456184183801,39.62456184183801,39.62456184183801
28,92,4417.483085904016,4331.541637798704,4305.20067528172,4301.19095409444,4292.1005123831765,4270.818863042816,4262.531061012725,4263.011864390152,4266.701507790219,4270.697793038595,4264.357821907022
29,96,772.1888974515088,665.1762445163304,620.8115564513432,611.7348282937589,612.2841207292975,640.3285399561875,647.8143252960275,643.5499769341372,645.567160605831,649.5440962845819,654.0375679503499
30,97,1.2893329174945718,1.2438303528455512,1.2438303528455512,1.2438303528455512,1.1983277881965306,1.1983277881965306,1.1983277881965306,1.2438303528455512,1.2438303528455512,1.3831361365959693,1.4300377461466682
31,99,19383.69535450995,19396.058296208987,19285.923843093948,19252.545583509076,19057.372502315488,18896.37973053806,18795.34473280574,18804.32458270981,18863.055862092067,18929.15786288263,18963.116048466854
32,101,157079.6135105387,152417.03136323387,150012.85444513534,149342.40854374904,149037.9961128368,149637.6232079331,149681.44939831345,149621.5596517231,149790.16059323988,150728.7904339148,150743.90687410123
33,102,4049.308178872916,3610.5627821245826,3408.11751335622,3439.9182168656166,3422.849546675719,3443.889643019519,3421.3611852445,3449.643318109373,3471.0730135046606,3458.1855696728294,3431.2986010948853
34,108,46109.0716033817,46088.87541372889,46147.86282137204,46221.828566054966,46227.41370618768,46373.761850577,46256.794164906074,46298.68345883749,46263.43810079501,46361.20313078998,46285.4034046376
35,112,6879.852733085218,6720.909315295086,6709.615038790837,6701.467480230551,6841.370057399458,6872.395082346544,6872.395082346544,6872.395082346544,6872.395082346544,6701.844867261679,6687.229332061456
36,113,169608.92348174247,169380.33114403504,169142.10342929867,169327.11801563815,169260.31151795815,168991.7581376684,168524.31470257475,168606.769188878,168693.8722562882,168744.2740517795,168466.18082074838
37,117,18063.49466014244,15331.720090281806,15680.303404001004,16407.07385846408,17600.718847989578,18296.9753990491,18382.11277380074,18199.316989861512,17947.913503919237,17970.746964346756,17948.377592678586
38,119,219544.13622460925,219324.58770636737,217125.6374377782,217928.28821665383,217304.33217338866,216479.28097019525,214674.85686620354,214785.41063926416,214473.9150954802,213462.71681780647,212884.55672643767
39,120,2892.2164939324616,2889.370906930759,2891.2489334662355,2901.321275552133,2900.16369584435,2895.190028236325,2896.467312901706,2897.4210186522087,2901.269617365341,2905.2382146516607,2905.837240392787
40,121,60700.99560062069,61373.12114967258,61299.92636324784,61393.0331411475,61318.746617219316,60904.158805963474,60580.37690134364,60738.9981084048,61056.772101329196,61131.806708079916,60880.37997102926
41,122,256499.0640189897,257363.70574399258,254861.11279381113,253631.53070811043,253605.99899542762,253921.63187190687,252531.66321759735,251601.98950424136,252316.69597788752,253112.8411710374,251262.5984663444
42,123,25631.48158669249,25664.991407839174,25652.794851789546,25721.56838893431,25729.95519531435,25701.97826067464,25590.08270940611,25550.708626226737,25528.53282398927,25576.70113365841,25596.310515296514
43,125,148.83194506496008,149.10191703080142,148.68498261365826,148.45738597580998,148.2784619010631,147.7095263031676,147.1437704577942,145.84338334898572,146.8196161333646,147.81428925253158,147.8772149337085
44,127,24703.657244335536,24304.727268220486,24290.274922909826,24450.292401773993,24445.551774278152,24380.403486029532,24434.283712499797,24576.220611140183,24650.471011191585,24626.515986929488,24623.863575967407
45,128,53820.17551458157,54703.08861066759,54808.24597326932,55009.39909171617,54912.9518329979,53519.384607703236,53290.292946226844,52733.94543016561,52279.27284038013,51704.90732970029,51436.94507695018
46,129,46.327249954252316,46.327249954252316,46.327249954252316,46.327249954252316,46.327249954252316,46.381623248547854,46.25230135660877,45.23607463252892,45.38377470170577,45.99233950088675,46.13735095162033
47,130,26621.598502798894,26685.20617408487,26666.790668001217,26686.356690237306,26767.808164659968,26415.222378031627,26429.166346955135,26383.620524542035,26233.57887338088,26051.68552384938,25890.731165948804
48,132,55209.364935972975,56010.80372514247,56290.82349969178,56633.56215903225,56443.83757614545,54931.588370658144,54443.7454463801,54715.80446754448,54814.07832896162,54060.28216646168,53405.975453072126
49,134,15977.301411216205,15203.271397678123,15041.970725172021,15045.483636036817,14863.606039448885,14588.524104612106,14447.760930590657,14499.52578586005,14680.133301719581,14783.039017331006,14773.004307371637
50,136,2587032.3350875704,2506071.556206739,2471833.389658885,2461774.10870823,2452455.018786199,2432633.5802362734,2420445.007171023,2414887.018649521,2413105.5221575256,2414322.306506049,2424390.2988418154
51,138,396175.3938098599,392293.557822566,389698.28156431805,390486.65369176306,390185.4682922454,394944.7779422038,396488.5538616238,397526.17860575253,397991.56880782486,396882.13887608575,393168.48711267184
52,140,13617.550558499877,11733.217653986665,10771.179007272738,10840.510674272704,10916.596445268824,11157.05726538526,10770.043519065479,10680.537009725787,10759.939948601044,11029.290028332194,10543.261955109492
53,145,9436.310076812986,9652.965015645359,9649.177161143318,9601.723814599805,9443.133477277666,9073.449912011045,8938.511466741025,8899.077631483173,8915.134100889349,8926.351772885257,8926.230838921474
54,148,748.7926557729375,746.0438568799258,744.5683956517714,744.6531918040249,742.1331652867173,738.0573942896722,732.8755096730646,731.9633779274557,736.8117702961875,741.822906952273,743.4616340025464
55,150,41897.91246955046,41650.13818981205,41460.274104963144,41657.703683864805,41676.489860327914,41443.76747801726,41181.79280319298,41230.557892674915,41482.39540903476,41622.16955204086,41528.99678144979
56,152,64271.50419010859,62669.4563443814,62051.483344145505,61834.588747444854,61724.67129751994,61333.99781700417,61269.36942003228,61301.63893283139,61426.23437044399,61704.82714605957,62204.89864763343
57,153,60.105924578771,60.105924578771,60.105924578771,60.105924578771,60.105924578771,60.105924578771,60.105924578771,60.105924578771,60.105924578771,60.105924578771,60.105924578771
58,154,33.69922286792966,34.649876890152704,35.51717600465893,34.96199867643031,34.512282018476384,33.175080625660435,32.52414120734216,31.974432228236434,32.60318573339562,34.11981083450293,34.5369781557599
59,159,16920.20384780001,17046.3206670893,17054.970648479124,17077.65642302112,17094.587646167423,17054.040135601623,16972.3093052804,16984.683765481786,16926.30303280707,16824.450446925126,16599.94592344018
60,161,158.378186641279,158.7692552938967,158.36499268084762,157.90068350825607,157.7157550890289,157.8088884876143,157.20676873896167,156.32384797130325,157.2969606106694,158.08946763510303,157.76971146776177
61,163,25025.914195739893,22832.35114897936,20677.14797259211,19545.651995483768,19229.5519350493,19814.707272581007,20523.48089772733,20721.09099227996,20542.183910625456,19730.29100397333,19265.818973887322
62,168,1.1571619487237532,1.1571619487237532,1.112240267960927,1.2511495511332476,1.2511495511332476,1.2511495511332476,1.2511495511332476,1.204846456742474,1.1585433623517003,1.0673185316847944,1.0223966843840429
63,172,259821.30575537717,256606.73981776723,255055.14719737013,254936.95092294097,254455.6669358578,254022.67685525538,253231.32157461054,253163.1395680937,253659.1679296573,254267.62791235858,253891.52861985506
64,173,0.48625966084825195,0.48625966084825195,0.48625966084825195,0.48625966084825195,0.48625966084825195,0.48625966084825195,0.48625966084825195,0.48625966084825195,0.48625966084825195,0.48625966084825195,0.48625966084825195
65,174,1046592.6067946384,1024658.2848571261,1011920.7327893014,1004071.688458043,1001095.0908381124,996445.6286446126,996815.2269578702,1001036.4468979125,1009898.2263593565,1011397.2966250007,1002503.357889016
66,175,20.388329210199014,20.388329210199014,20.388329210199014,20.388329210199014,20.388329210199014,20.388329210199014,20.388329210199014,20.388329210199014,20.388329210199014,20.388329210199014,20.388329210199014
67,179,570704.4210958735,546074.5202813031,539501.7641662356,541768.5706043985,538039.7844342178,527013.9159990104,525525.4496332811,527369.6320480361,526545.5995089696,526497.7935713208,532330.7821701933
68,183,305412.6036746476,303541.32508310996,299606.907951496,298114.93651488615,297425.868767805,297089.04451603576,296546.91912648745,296867.66218004114,296131.74661317805,293908.9911337878,289772.09600303543
69,184,323.26867700987464,316.57708142618907,309.37857727338053,302.75788110063337,293.9019493831774,312.1723954417731,296.19975450809875,289.80310307504226,284.3139042773194,316.05986357000427,341.84241799629854
70,186,1746.846136120731,1744.7458454158595,1745.1762085742803,1750.293244513706,1748.4932311335397,1748.845811862838,1737.6999036301982,1736.4626991698117,1742.1963817389476,1761.0804697932033,1763.5319875806724
71,187,230.360954611333,214.00798758928855,209.18475635458697,208.24881710969163,208.52435308590805,208.64152166569002,208.29133497529585,205.89174275470248,208.4767699844399,214.2725109293016,215.71009127325158
72,189,488611.19934884075,487417.93458387343,485821.45362239477,486004.1329073194,485531.0156836529,483088.97168999724,481370.1797050397,481247.17765539675,481639.3325304781,481757.247581729,480706.36713885335
73,190,464.7185642749494,474.47775555230487,479.456739804121,479.0990310420988,477.4307779198794,467.04356079266023,462.6433632278546,464.08251011821227,468.6393266214796,469.9031129441538,464.1180677582628
74,192,26109.052541435405,25745.365604031686,25686.371648807006,25578.724084742124,25578.1545352747,25575.298775097217,25692.46410296084,25735.513894723274,25928.919543233744,26246.813858129444,26389.030503168517
75,195,857919.6767452598,852731.2618792637,849823.8772815987,849286.4477675646,848008.9633855596,845859.4636250874,842831.5476444043,843266.3378136584,842767.303526456,843412.2340196535,841772.1086407002
76,196,70842.7377357639,71462.34500803071,71664.95864749576,72107.58048700147,71924.20649713221,70666.0373138418,70213.61370552414,70424.19020226871,70671.15298159854,70086.5375819844,69351.15201142551
77,202,8888.485423699178,9257.528468272334,9250.447643471021,9272.349005266073,9264.476420302377,9264.810739148723,9132.968908843468,9122.474255627629,9084.431521306265,8978.5977117443,8744.07223438748
78,203,108.57296897818384,91.7599950234081,85.64811907591147,89.69011387656684,92.13592037583199,90.6118650499775,87.10547238108587,79.41537636671055,77.00249677063401,80.68857608889287,85.75156801359086
79,204,96323.71112777259,90572.92305074201,88680.30041159644,88074.67123792417,86817.26830034402,86359.50438219974,87671.12322712792,89484.38531395193,90260.82922732379,87707.76485646586,80791.53646825842
80,205,132681.78092305837,133027.94705627314,132854.01834799442,132877.76731012078,132718.9881433439,132475.3008969815,132283.27671792725,132220.6376352543,131996.9235225385,131489.3342110781,130744.96167133766
81,207,4801.575092937471,4441.368712779323,4289.188233115218,4271.1772253882145,4280.801015004405,4223.944383697181,4211.45356573746,4257.352250403473,4350.465819368866,4408.578393680697,4399.786528635875
82,208,270753.78840124677,264048.31526478543,260170.5644160929,259452.9449338374,258900.29423380803,258941.7130393937,258700.957672986,258775.33093382602,260150.59512324774,261399.9437855542,261389.17015157692
83,209,3727.651505255306,3737.99455354924,3737.3375942130915,3730.163005469155,3733.593732529547,3738.2599756949494,3737.8040780666897,3745.7708560157307,3748.52569122066,3747.969322277729,3744.7958175406357
84,210,447742.4994280863,449332.21967860084,449067.52972846513,449092.724142312,448586.0891419288,447453.51625483244,446538.41257397237,446352.0474237704,446294.1192057358,445575.51691956917,444529.65380331565
85,212,8308.71726336049,8566.20516116843,8591.969532289786,8445.81648703568,8376.498177345342,8321.904105557396,8325.171060088693,8338.78970538695,8315.41040097507,8191.954355567167,8060.423513541114
86,216,103.94327025867898,102.77955821263045,102.3333152681334,101.97167583772621,101.69995520350938,102.01660116931734,102.66359470231517,102.94689194962908,103.4971907685526,106.26509449938511,106.78005231457304
87,217,314.06875843944397,315.0923813013889,318.7432810930881,316.9833612827839,316.2468010001707,311.83597612184354,312.8069674229883,312.3863944848667,317.1208115111216,319.0220095039058,317.3952142694665
88,222,5403.863828231004,5859.34072574022,5846.7486829627205,5736.691096022604,5089.475594739245,4349.169264402408,4216.918697594554,4246.980566865455,4224.748878448347,4210.612433088369,4215.199502920719
89,223,712.6644371346706,523.903168406468,453.6044064233344,429.4237699746917,397.3891151972076,367.1718605673586,351.8825900665566,361.50198021966673,364.7439706091592,347.25576331397343,341.93311536940683
90,224,125945.42648409017,128104.1946642118,127856.99609660177,127779.82769406657,127265.76323099535,126816.88678262377,126180.67585564432,126178.63913115516,126365.61280558839,126650.09554060102,126308.94183510191
91,225,582.280623814733,550.6738874665851,533.315817086109,538.2931103609898,543.8426265804063,530.5058082772784,520.064978369065,512.574617040656,508.3101514506274,504.5444261285544,499.71883832347044
92,232,32405.31009788878,32502.53190211532,32529.76954251525,32556.447825293795,32461.01484197322,32279.590834130646,32176.42609589992,32115.148503244025,32246.491515848833,32388.89875827076,32336.880511320254
93,233,153855.77397238236,153455.5470407986,151930.94417512673,152464.88883400086,152171.84171175517,152476.21114864343,151959.6820933993,152194.3711228711,151402.916738515,148821.30537687842,146974.42392998893
94,234,36012.27887760321,36172.92605165865,36317.22447265511,36330.411650721086,36223.92385172446,35958.05314461797,35875.902473119735,36026.7764806295,36023.39998739362,35827.22410368204,35705.713063644296
95,236,2041.0708534950268,1998.0020305466064,1981.5691833838591,1981.5073029352698,1978.321867290934,1972.8537417225257,1972.7125284022384,1971.6208903482789,1971.3800703317584,1965.91797223428,1953.4043510761803
96,240,48.38520660097184,48.38520660097184,48.38520660097184,48.38520660097184,48.38520660097184,48.38520660097184,48.38520660097184,48.38520660097184,48.38520660097184,48.38520660097184,48.38520660097184
97,241,47254.799350947345,46585.046505547296,46323.536756750764,46268.56026832386,46515.47007554473,46760.21169342662,46911.033398073334,46560.47447646801,46413.80020910433,46137.64383836137,45662.25106016833
98,246,5.44014705207198,5.44014705207198,5.44014705207198,5.44014705207198,5.44014705207198,5.44014705207198,5.44014705207198,5.44014705207198,5.44014705207198,5.44014705207198,5.44014705207198
99,247,182.13113031043588,182.76722506373972,182.76722506373972,183.05666783951168,182.484965354343,182.06021199272308,181.25032584277932,181.4898158271404,181.72491085989083,182.0101260560117,181.9145980499507
100,250,34.56721579850689,30.773121375781564,28.201169945885432,28.440090625614985,29.627487210774863,28.58798916016656,27.844501250920647,28.969154997095043,28.165777660228688,30.067181888320224,32.686821438283204
101,251,255462.9319977109,248882.43790171805,244498.56040278653,243556.46147151612,243641.01177225838,243510.32578739998,243590.82245470036,244648.21126320065,244369.6745091978,245640.06294104684,247715.70293597024
102,255,1011.6442476832151,1022.7824959144681,1017.9452655163207,1016.1999812794214,1015.5493232882848,1022.7735039457156,1021.3554275394832,1023.4583672477595,1023.2372527335094,1027.9072943740262,1023.3782812808255
103,256,853.0816920637459,846.275993295771,848.0189912274067,859.0792531918129,866.0716964179503,873.6926068315822,871.1948668822733,864.7009558242045,854.2653671269237,848.3313074197273,844.3386298698238
104,257,7572.832112754878,7490.433925673696,7463.323133567803,7466.221046559863,7472.190408150188,7451.655405765408,7432.6940254209785,7423.498467367831,7470.409051278457,7486.700794321224,7372.992672697826
105,260,3.556603474933099,3.556603474933099,3.556603474933099,3.556603474933099,3.556603474933099,3.556603474933099,3.556603474933099,3.556603474933099,3.556603474933099,3.556603474933099,3.556603474933099
106,261,107412.80769862795,106597.85347409116,105881.66412614145,106080.4703541813,105839.49664403175,105615.18683132369,105186.95466049471,105274.73970580452,105977.14460379575,106228.51164499304,105216.94555398093
107,265,237264.64504235625,236070.06122881186,234280.80394689122,234325.6401893372,231586.90738416463,228317.5325848961,227366.34711500426,227225.32187457345,227884.1448092843,229470.8298692997,230511.74949454435
108,268,30.010722644205423,29.284963074921944,29.384025080859914,29.860021694374357,29.674707476729186,29.719343149607777,29.108806532720887,29.01404641998961,29.2977913923571,29.95687174144377,30.433590220427543
109,269,238458.49979237575,236050.98559015433,234685.60124872866,234283.84161829116,233897.77456199285,233412.61769388273,232992.75375214044,233194.71845231688,233497.15906437862,233634.67736755015,233337.02683679626
110,270,87.55688150977441,81.51369193785058,80.70848628150523,84.03324365710489,86.55313750702653,88.3634662610704,90.14581336379833,90.8426440897257,92.01450528033725,89.26613253089116,92.43683184781925
111,271,248.8824210099591,239.18986992739013,237.64416091883098,239.17448546385054,241.6768112031076,250.58527335734107,249.24246342670187,251.1669958949819,249.11866388489386,249.8258359605628,247.80840225320844
112,272,182970.49187215097,178957.76609525684,176160.2723483417,175387.14691268955,174534.06269101962,171993.23092600293,170259.859425688,169950.07178261504,170965.8787673921,171187.80794972117,170157.967751233
113,273,1438.919974234008,1442.367118473736,1442.4832169272065,1444.879205288694,1440.686323160994,1441.4142560966038,1437.2351802859212,1443.2159419533725,1445.558079754291,1445.6250668133068,1416.5623775758145
114,274,22.554390305372184,22.554390305372184,22.554390305372184,22.554390305372184,22.554390305372184,22.554390305372184,22.554390305372184,22.554390305372184,22.554390305372184,22.554390305372184,22.554390305372184
115,275,126.68820872487444,127.853162101802,128.67913440601572,128.9753167179402,128.0400963914078,127.45038857266991,126.84397023005519,126.05721652219894,125.25300408766363,126.40039412161632,126.27393858359206
116,276,1484.2842577220486,1377.5247001014332,1313.6183370525955,1317.4893218328175,1313.9557929885218,1298.2331443909661,1275.3143278819932,1269.9152776367882,1248.6414193339615,1258.34054137808,1226.4772992328044
117,277,2558.7778983265316,2615.3001300191086,2597.000762907451,2594.3092034184806,2605.5641454021384,2637.7605199780633,2621.3558190991403,2632.186398714727,2642.896270428432,2655.846510725728,2637.246581961389
118,280,4.278922683272128,3.338858362975521,3.204173104054484,3.3429818496448664,3.9812074155088806,4.7064793817666715,4.612542463401273,4.427437810801921,3.884537482029954,3.610992653324238,3.700789548589775
119,281,1652.6728883679189,1474.8233072664716,1384.5249842359635,1374.3319446300156,1347.7878483731643,1361.125194120639,1359.1875568916234,1363.840385659174,1364.5127219965407,1385.7173188794857,1384.8725831863173
120,282,204.1073692169157,203.81768685100835,204.18201941146563,204.19006718964647,204.19140060492253,201.72569670990706,200.88475932314165,201.275345976292,200.7523505087679,201.75731930597797,203.71951227144106
121,284,163.43415793505267,177.03819961573814,179.7934997726196,179.51306731220453,184.35236395148584,181.88764752842462,165.10871642164267,158.0828124589405,151.47367561646158,146.9291732262984,147.79136900493367
122,288,346.4593104055405,276.7664206461859,259.19994201371725,240.69462115526315,229.35201584903916,230.44916634635132,228.8651373002699,232.25836199592266,229.98411033198724,230.3135859772965,230.76690269702505
123,289,1.2101480745750435,3.1470861023374876,3.199842864503169,1.4739319015384742,0.8487605404005005,0.6579558390416803,0.8032261697895714,0.9000730569548322,0.8971839306117405,0.8003373280768633,0.9456077655526324
124,290,74.97345809045268,73.17206531537494,74.28661786503761,74.23840851904872,74.87032899283685,74.4261815054378,73.99388975440198,74.73521595793866,77.27052537480994,80.68568602748516,81.43416232329058
125,295,171874.47362274368,168093.30849878938,166099.21339826292,165916.69950112785,165013.1300113605,163680.6905407669,162842.6405568046,163610.7051008202,164680.9756003116,164944.915802969,164034.6914181527
126,298,34937.529409696464,32480.047845734403,30953.44405234716,30814.11313825241,30038.934918377814,29782.078189966134,29878.31829265842,30047.014349488203,30082.33772337748,30437.06932474447,30981.84993446354
127,299,4.883688358264372,4.322537373718017,6.041594403246505,6.7003232977822655,4.981859803835469,2.132560983140751,1.4376409712595037,1.9542453768975498,2.9500871091821983,2.56132411243139,1.5263765297477325
128,300,14525.197400299883,12420.529361664463,12020.99673219109,11293.198709341084,10812.805784659822,9522.168967295187,9315.159415188467,9193.167776874452,9957.14389956095,10091.09584372607,10435.358036248937
129,304,217057.63169524324,217601.32837554088,219003.64985492034,219321.09655358916,217911.6121570123,219860.17107921594,225621.64297089475,231367.8908880915,234587.65832294326,235995.54537188495,236145.8656495812
130,306,2661.526921392276,2596.761662400696,2574.6345353607,2557.8465979440975,2511.3266547625435,2464.2531243019494,2436.0660024442304,2445.828654922659,2567.0546757760767,2650.151779692341,2621.353690084411
131,307,20325.211424183108,20422.60819842763,20474.556984883195,20527.617022508974,20437.234888030525,20268.878839732555,20181.50017883832,20105.954797438553,20224.759401766954,20361.491877456137,20313.692713260938
132,308,433.6713893863743,439.92101526313144,441.7404695445228,445.0482980195592,443.4161994101205,442.0179341157316,440.88201681273387,441.3413813894881,445.6646981161177,455.5885906998825,458.83848906967387
133,310,11725.21316004206,10928.374735153458,10706.266046159608,10694.764639744008,10545.047559237732,10625.503513078174,10837.40071673709,11086.241149129315,11336.42450775668,11494.640465705246,11712.833260135645
134,311,369.55395176523353,305.7706736373096,303.1137749930579,308.82043276780297,314.0158435527606,352.9106499110955,372.8990591688671,409.82503096323745,434.60568768706116,458.72833977593564,467.54880697296255
135,312,1561.7746375168163,1780.4284950230892,1848.6500920836775,1882.3632011816362,1958.362088116111,2221.555659588042,2314.1458971004517,2338.9279726185596,2388.188539917882,2431.2825824589763,2346.687787592495
136,315,835.331177445497,712.2775321116328,586.5055212611687,520.87718784663,503.98085353677396,540.9213573301004,581.7367595622329,629.8543516613056,630.2080579387944,623.8819092479621,608.5283831186695
137,327,1759.7165172117075,1772.12120733729,1777.80622682077,1776.9522596665818,1767.047215030198,1758.65583077288,1757.0982506870594,1765.4915236428449,1771.0262172396872,1783.8209962072683,1781.1223012277023
138,330,37071.70567464184,35027.027111688025,34473.9822642857,34604.912683662566,34260.3633378659,33041.76341555628,32475.71483097946,32582.649445641277,33082.488578351935,33369.53929129702,33214.61314905182
139,341,1431.4781629484246,1449.9858308512637,1458.5387659133312,1457.7746848066236,1449.4210713453303,1432.7167080672873,1428.5248448882826,1437.4037865064029,1436.7414241384477,1419.507817707799,1407.8097690116676
140,343,30.618040917946985,30.00460764539534,30.064849418966773,30.011860277504034,30.059047705675706,29.494454350236676,28.832551372222948,28.829526791463174,28.78233995836511,28.26052791151697,27.458657667733032
141,346,119.72605469578619,127.04566759844501,128.6245528477653,127.36194162614935,120.27407389584408,119.00401830072612,119.00401830072612,119.00401830072612,118.87022962262756,124.30380332782835,123.84693894396023
142,348,18.2738773146084,18.232976376315428,18.14296311926588,18.232975831447593,18.05018326669018,17.96012447337901,17.91511885296073,17.733709969830382,17.780100142225812,18.192213670604044,18.42139705512838
143,350,6.808023515572389,6.808023515572389,6.808023515572389,6.808023515572389,6.808023515572389,6.808023515572389,6.808023515572389,6.808023515572389,6.808023515572389,6.808023515572389,6.808023515572389
144,351,5618.904283091509,3953.8372771126456,4330.282613685313,4746.515842469605,5128.230441609336,8188.903847280865,9244.124244111177,10263.587112984336,10626.447184395589,10851.565982649787,11528.44368493533
145,353,698.6967742981358,709.7280720847075,713.0299812636175,719.1243837964803,710.0547829326023,711.1240108337645,707.5812413928777,707.1990124404182,704.4353864806949,698.837995287537,691.5929226063304
146,360,40.21433572003895,40.21433572003895,40.21433572003895,40.21433572003895,40.21433572003895,40.21433572003895,40.21433572003895,40.21433572003895,40.21433572003895,40.21433572003895,40.21433572003895
147,362,0.059321203489108756,0.10676482338022295,0.10676482338022295,0.10676482338022295,0.059321203489108756,0.059321203489108756,0.059321203489108756,0.059321203489108756,0.059321203489108756,0.059321203489108756,0.059321203489108756
148,363,116.62446962065445,75.9669045640147,71.63228152613722,70.34249178089469,72.06745130482868,77.96001056972585,87.44655549171709,88.89149212333913,92.31405470896625,92.73316323093061,96.0667802211581
149,364,6281.209886161304,6275.902547433644,6272.704579675007,6275.765420900632,6250.646467142879,6240.7627771703355,6217.945652280218,6221.272484494548,6234.8161748080865,6238.1157684556,6180.832687035279
150,366,633.1524684087186,633.2951103511765,629.7540792546142,628.7744325493569,616.8639180792193,615.7836934860059,616.462641885235,617.7739352125883,623.8064731881938,643.7951339528089,650.3771219222275
151,369,3.629199876679415,3.3047990956525903,3.306242898681545,3.353204784064639,3.2578371548226928,0.9054138057122714,1.3909129551483708,1.8251183252791878,2.5497569015482724,3.324244625397108,4.001921730460156
152,370,0.24285969021835643,0.24285969021835643,0.24285969021835643,0.24285969021835643,0.24285969021835643,0.24285969021835643,0.24285969021835643,0.24285969021835643,0.24285969021835643,0.24285969021835643,0.24285969021835643
153,373,86.13383474811855,86.13383474811855,86.13383474811855,86.13383474811855,86.13383474811855,86.13383474811855,86.13383474811855,86.13383474811855,86.13383474811855,86.13383474811855,86.13383474811855
154,375,44.96821036126011,45.26749657190666,45.43403635585372,45.43120924981019,45.34069515430571,44.91134098497953,44.72548107954277,44.30052331180392,44.91486095610107,44.873054865323645,45.12471472291314
155,376,287.2563953823918,241.53459145413223,239.98876077776163,246.0947775572982,263.61281282418673,301.7056009090356,312.24752478413586,306.80017446020724,311.1723877167635,325.78418938380537,331.8552293934463
156,377,7993.742196662779,8031.996821225225,7923.27863485049,7994.578010237764,7838.054937177805,7863.4922489348355,7880.609474909907,7905.598376065207,7960.22991457873,7972.051459647486,7922.15205392283
157,383,3590.9274245313727,3401.6362068877443,3225.04992921939,3031.5002426166598,2997.077577537566,2998.4696308437497,3597.366019958133,3347.9586706741457,3763.480836724947,3538.8424639717023,3140.1168325958897
158,385,651.525964708158,579.0108549918108,541.2896843695495,548.955594244468,551.9930714255656,575.9376180353174,565.4919398006073,567.7593309700407,603.074658857053,648.5350197662316,633.3985424254024
159,390,52.267878845751184,52.42266078302531,52.651205911803046,53.7645221270491,54.61684014464377,52.765459234155344,52.24242497332909,51.260721306683934,50.77534774986814,51.10743634297838,54.65362291476556
160,403,1756.1569560856447,1774.7976478286826,1774.3699509893204,1774.2831119318364,1772.9457249470051,1768.4062421442513,1758.5302761589587,1761.2851711221047,1758.6076252865205,1753.1565403051484,1731.0771382198395
161,407,18760.358407175543,17797.196120860703,17514.23472406539,17700.512263845976,17840.483680419635,17979.398666196208,18124.17722283148,18250.779359682427,18338.020579556538,18364.63779023989,18454.052435358157
162,408,24641.319163153177,25030.70075278732,25177.04606368497,25224.30569714723,25242.985904130685,25351.090413454032,25372.174554273184,25510.29133600662,25738.9747379889,25991.49319566898,25949.631893574635
163,409,96.85780689926484,96.85780689926484,96.85780689926484,96.85780689926484,96.85780689926484,96.85780689926484,96.85780689926484,96.85780689926484,96.85780689926484,96.85780689926484,96.85780689926484
164,412,322.57226176264425,242.87401097007316,231.24618898475657,224.59708380164383,218.69225467038441,215.07071807932934,213.46014510752133,209.41918993452052,209.2892601428399,212.3948413373945,216.0127922110318
165,414,4032.21084828937,3457.540290044875,3351.556941262627,3312.5276383213904,3237.375366730957,3201.4133518460976,3214.6028283040896,3282.920357299061,3326.7313779768656,3321.664012472936,3324.126880846957
166,418,13232.921023652758,13002.615879028226,12766.32187706264,12677.629097786226,12717.165726414485,12893.706179350067,13156.254233729545,13340.319164373608,13428.031155154495,13242.852310857928,12962.632387554535
167,419,59.0677258336756,53.77137393155988,50.496051800522196,50.92816308273414,51.278655884554595,52.60032061054432,53.44504789823559,54.657303360408356,56.33447338970184,56.23009767489897,57.13662769650433
168,426,184.10995883912858,186.7847711682377,188.4328387240334,195.63044142287217,195.83522505586762,196.79535448641613,191.52726053851256,194.0795135228377,191.4873761453074,189.1711551537369,167.10888083230978
169,428,2.24654043036632,2.24654043036632,2.24654043036632,2.24654043036632,2.24654043036632,2.24654043036632,2.24654043036632,2.24654043036632,2.24654043036632,2.24654043036632,2.24654043036632
170,429,20138.826254049716,20592.267518532208,20597.29128005125,20713.214431875647,20733.234634040025,20745.845476028466,20833.809979884292,20860.953682707797,20964.38617098452,20956.952491235996,20864.30585671136
171,431,2229.484005358084,2183.1486060753473,2189.5521759498592,2235.676253214586,2279.227028920578,2282.8957284614944,2315.242519397444,2316.7691018466294,2306.579538523143,2256.3915013028013,2180.9131013790457
172,434,17.172540650214124,15.6831323828158,15.78340779319268,15.68632562186544,16.288536624311103,16.845749841176556,16.845749841176556,16.845749841176556,16.845749841176556,16.144645249954973,16.09777363875174
173,435,12.156315495878225,12.156315495878225,12.156315495878225,12.156315495878225,12.156315495878225,12.156315495878225,12.156315495878225,12.156315495878225,12.156315495878225,12.156315495878225,12.156315495878225
174,436,1934.1503184540438,1956.9266488933895,1966.289692744767,1967.5720218712208,1966.4298971521903,1962.0768234425404,1965.0830371288966,1988.829392830247,1989.2414950832097,1955.3094226730634,1942.919137955429
175,437,3678.4809075773346,3005.4358940313964,2918.7955343749913,2878.8369382131295,2762.0991943807508,2426.5423001821528,2389.093203516149,2512.998475474262,2504.033088078371,2298.5987925416357,1997.0908184409527
176,438,23140.123820113095,23455.965246726035,23522.049516652067,23575.10535494155,23528.77151905322,23462.95706625598,23388.215874693764,23385.961407595336,23319.370205758212,23071.402644040096,22823.57854416244
177,439,43.4525606690939,41.61695396028823,40.70422118774577,41.12932361572691,43.35680002148183,54.27436444308017,56.3082441366559,53.4751395357774,50.602543023432354,51.70794508903836,50.79599259154625
178,441,21978.41221851207,22398.83936444571,22408.762201330814,22419.576415172283,22374.933013090165,22419.766420037264,22565.342767255006,22673.219015836698,23222.42510438271,23517.743966637325,23408.842971383325
179,447,36.1753048970587,31.826552847116268,26.803369829571714,28.864451100489926,25.87142023090918,27.432725982264657,27.16058895176132,27.99852086615011,25.439807495762185,25.12316699190197,27.35642983196978
180,455,4.602511520804389,4.602511520804389,4.602511520804389,4.602511520804389,4.602511520804389,4.602511520804389,4.602511520804389,4.602511520804389,4.602511520804389,4.602511520804389,4.602511520804389
181,456,2.131412860316729,2.131412860316729,2.131412860316729,2.131412860316729,2.085444123366654,2.085444123366654,2.085444123366654,2.085444123366654,2.085444123366654,2.085444123366654,2.085444123366654
182,458,4459.198135794959,5121.285433409783,5117.88378849261,4930.232180729843,4132.611232691105,3440.7327399332,3322.2506212767926,3361.6366099742017,3359.046868301953,3362.03312615239,3398.102058775694
183,460,201.0322223773561,201.17769258149445,201.17769258149445,201.08073082963534,201.08073082963534,200.93957605885407,200.70284646394774,200.60872511669928,200.6557866201327,201.13493765118946,201.13493765118946
184,461,6204.18099350008,6229.092649997815,6220.1694026803225,6245.047063100207,6205.894430195722,6218.687891698933,6237.277505809352,6260.6990603633,6236.912073385055,6167.54335625784,5941.740935573902
185,462,258.0867152442792,237.3874576564123,228.23330517137038,231.25224114455327,230.6774894171837,223.09242371627272,218.1594575922072,217.2891734872436,224.49195367123448,225.66927196342456,229.9872746127495
186,463,13227.224491695812,12432.242123796186,12438.39275899648,12875.436276986517,13405.591533269968,15055.2336375778,15551.76452895179,15787.106251641102,15686.67757770084,15724.689986342662,16795.97165374019
187,465,1638.3232101145861,1605.5334067311896,1592.3386079033066,1594.1063991735332,1590.077589265746,1582.6856588359426,1582.7969488723893,1582.2716666366712,1582.8588976799142,1568.6113696133166,1561.3375729141896
188,467,7.199694034487138,7.0167514406048594,6.332576167500862,6.416855114970098,6.379603296507801,6.502195828672111,6.05228796762582,5.643595182226066,5.522698320288022,5.727840606497525,5.927640053480129
189,475,5.165992049252601,2.0270031110331708,1.329422822487833,1.4167407247878239,1.3731119374419487,1.5489683143266242,1.3744535106419016,1.287256332698019,1.2422860412918189,1.4604292866203963,1.7671716107029969
190,477,28342.22063938306,28764.684298060605,30086.238468998134,30559.15971456397,31991.825400689064,34108.27014371236,34581.59575813942,34209.63868681897,34154.73776579454,34322.468127852524,34015.15292191613
191,479,4350.251619652581,4114.54457658147,4073.7120710468153,4163.1011219175925,4330.9137786859155,4622.799077116,4770.251380162945,4835.714749220433,4899.768119068296,4996.663998688517,5079.162664294169
192,483,202.10428466810788,199.76134220701232,203.0328142272695,204.7708989496381,202.40729821296773,206.76616523426165,209.4727021691279,210.8173411917879,213.4534162624291,209.19358220322806,198.75393306778597
193,484,734.4873742415122,768.3002164626853,776.0516333073554,775.6669131020192,785.0761415550338,796.4084635790218,795.0882217168365,800.3044450949287,838.7558284328351,858.1190864312758,850.1559968787752
194,488,5.355111527667012,5.355111527667012,5.355111527667012,5.355111527667012,5.355111527667012,5.355111527667012,5.355111527667012,5.355111527667012,5.355111527667012,5.355111527667012,5.355111527667012
195,499,266.10766042787884,233.81126877276117,223.61223937651195,220.5165385078346,217.78138951854788,215.65913991206796,215.07224174859343,215.64516872541546,217.8389044694327,223.37796198514886,224.1427800013908
196,501,19205.973606370186,14676.63951225701,13488.849892880022,13465.596489385309,13077.122851162212,13856.373987082818,14426.812628821068,14846.11406858102,14455.049781535303,14535.03229423964,15081.394390638181
197,506,6246.408335789941,5929.218331202765,5874.77535693071,5857.682324400039,5813.0455030177145,5770.151417756456,5726.708966418959,5604.945891800281,5533.253528673624,5514.379235549065,5538.727320843903
198,507,3.242070846930794,3.1963036930262723,3.1505378198837137,3.059002893951833,3.104770224468661,3.1963049737882354,3.1963049737882354,3.1963049737882354,3.1963049737882354,3.1963049737882354,3.0590033796211737
199,510,81.51070175096356,82.1407849196137,82.38980456160526,83.15887535603953,83.70074991153284,83.79375198734674,83.65423981017315,83.74269364121746,84.05726757416492,84.50887547056172,84.5915039200281
200,514,2645.6892770294785,2711.827286302921,2749.0236585293073,2720.419383549278,2526.980581230559,2291.4334171176765,2281.5830681475977,2311.62265901448,2325.9851998059685,2322.1355617134054,2316.4233746425116
201,515,5.506344584832389,5.506344584832389,5.506344584832389,5.506344584832389,5.506344584832389,5.556554895820218,5.559381029185475,5.559381029185475,5.794885196288037,5.886826272805013,6.076360556584777
202,523,107.26285861618092,109.12077831631905,110.4004265738029,111.06588626005947,110.64219319992407,109.3488070404845,107.85823603501765,107.11240119636997,104.36913243168154,104.87915724386298,105.91023259679352
203,529,12726.145604178791,11638.555027834684,11272.817015668075,10988.057925762356,10999.943429874484,11504.247506573762,11790.578345616705,11836.929003524783,11767.019162210596,11751.616607845455,11528.63187019391
204,530,19361.604604979973,19287.678929648922,19266.327576827716,19288.636873316078,19288.263527445313,19489.049966471663,19518.92849356415,19567.968371504572,19751.51283671001,19858.711181530773,19599.917589340315
205,532,16.400833659319222,16.92673876720912,17.217676610252038,17.358907052175066,16.51285880641628,15.6695805708791,15.29762091537976,16.090510368289213,17.314353443909443,17.451328584879427,16.64000860937362
206,533,576.0046786423004,582.1808620447867,575.6453387699519,562.8327996012249,544.8422625276544,543.6576827439244,548.2901673248532,561.3226666539986,558.2243402596444,538.3229769585204,533.5281085027123
207,536,274.7727958922727,239.38214830437903,237.06213017172,239.38223168005857,236.0550277383966,232.4744591701365,228.4221283154025,227.1060983748561,231.1788748095526,235.57715176424335,238.5715173401157
208,537,682.0878640600761,704.0330484262744,723.6075600803563,722.688395787593,706.9350953355736,676.6429397258645,638.2960436770012,655.1353360809575,651.9722064077739,690.5448515074764,724.5941407437032
209,538,1645.5482908986494,1565.6599079200066,1600.2666848547995,1619.7026879859318,1661.8762695752123,1832.1943534567574,1993.5426016229728,2053.8354449964177,2073.366567468822,2071.8306162539884,2077.7121614407674
210,539,5287.329969144899,4614.819555255523,4351.291271975753,4375.984057652594,4382.483557779598,4405.35651777542,4403.2912643914015,4469.543778816691,4474.013063847734,4393.77474176547,4359.998421388303
211,540,2342.6699108233433,2321.1407640184802,2358.227881363285,2403.6085655265692,2423.0021164236937,2467.5183547945817,2406.1936966902226,2384.254165407431,2351.4858883078323,2384.068900998908,2404.1214335517343
212,541,6898.942246917299,6852.397855819318,6821.033532601885,6776.3830271498055,6781.177848934436,6801.208684363752,6802.548655841012,6813.417336886163,6893.251818478881,7007.308713953176,7024.271931493764
213,543,211.97483552049425,211.61814214669386,212.1585866348601,212.36400972212277,212.09334635040344,212.45471322262455,212.15461211086884,211.7347437696137,212.76192968280486,212.5861595197393,211.8580079884428
214,544,4009.4426411173017,3530.1687464900474,3384.731481617315,3270.2564225081974,3141.3204327982085,3057.9939541120516,3130.0269515322716,3109.764920063946,3033.359673899777,2995.3857654197805,2969.8962026657973
215,545,686.280801594652,651.1231670512403,635.538726837931,639.3659644286513,632.2883205988644,631.0975632573218,626.1311654172729,622.1934092240563,618.6035735130837,616.3898433838981,610.825726495418
216,546,7239.604259798504,7305.3731887532595,7391.7456396937305,7399.181166131232,7373.634260988075,7232.443092798917,7177.734970620926,7248.179764043332,7286.11654183901,7238.746297223425,7198.758708918649
217,548,11352.405389901349,10454.475990321127,10299.968627088972,9880.868196538599,9313.807407433262,8234.896220745204,8027.370895827084,7802.214659701889,7739.801927515543,7702.208960813523,7475.873834240226
218,549,540361.0963551442,525544.7337214387,521006.5636232129,521320.9496961379,522500.32993203937,523992.3589350031,525207.9740303474,526024.397640551,528089.6878071321,529182.3655421165,529097.5674823289
219,551,1114.5323221370732,1226.3633636585078,1249.1683495418924,1242.900333254994,1171.3083770446447,1051.3495157047942,1007.8953678977509,998.8886511521995,1008.9358676799052,1015.9453010049511,1018.8075175456493
220,552,287.21161545766677,284.0705628666155,280.27293503670234,278.1338982355232,277.218381072244,278.022009578133,278.05310683798064,275.93604045608765,280.5254263532594,287.73677612598544,287.6705021642852
221,553,13128.040404797997,12762.521333614208,12669.721849394391,12718.333875380547,12767.72631146885,12721.723269408552,12701.093631824768,12754.837849731826,12876.696849638525,12934.49254599743,12931.811483571495
222,555,22822.932703066686,22379.96800258,22338.292044300215,22462.575608217743,22542.320277111412,22750.5259638484,22886.541574268987,23128.488278735374,23561.976267070768,23721.85589117631,23675.722822129163
223,557,5640.828244613087,5716.766541410401,5753.891448773998,5774.8271049805835,5710.217918865297,5653.073915489629,5619.708149442836,5631.457122697365,5622.249976511955,5581.067079835738,5546.844518982083
224,560,2186.5505221749554,2081.1996463365713,2075.8471724023607,2073.862630461809,2159.010664698434,2179.3470443839683,2179.3470443839683,2179.3470443839683,2179.3470443839683,2100.215013088421,2091.095920121272
225,561,9671.4880189257,9178.126833946766,9009.088620511171,8831.695148524499,8537.530249928936,8141.959396662951,8098.213931259991,8152.905392216193,8127.195723946854,8056.3241845760085,8015.474013510811
226,562,868.2111974167071,867.095535740365,893.1891231048364,940.1254120155514,959.6059836830364,1016.4588065582793,1055.7492316074818,1089.5416859837612,1117.349897440623,1110.4260062087856,1091.8217072288687
227,563,18053.83224531177,17892.387428161484,17660.77932770153,17680.363014129947,17664.428476052526,17727.022761041022,17682.364116995286,17658.3678098313,17737.841639544044,17870.844679775477,17843.08229023178
228,564,113.68163374906362,116.44551138320567,116.61969587048902,113.79840916858629,112.9759855796322,113.28617427318352,118.25456211185774,121.26865693983272,132.41370569897612,134.56887856754085,136.11230221526648
229,567,161.01520705825203,167.57401538749323,165.8729765904177,163.75571525769703,158.8681865161353,150.36050879344424,156.79924540086824,159.04252465145348,161.53372162554305,159.99330191332388,159.89675279981617
230,573,1052.6425590035294,814.8492698030506,732.4769852701695,720.289534936245,692.6510104791894,640.9265939251728,616.3874943186089,634.4324722525397,628.0420390282218,601.9713957509002,595.1257853095057
231,575,5509.71416557677,5882.77033308544,6252.653090231103,6098.332667773628,5699.336328996581,5329.07887695548,5255.772378068157,5344.89919426622,5416.826323290673,5433.5285626760515,5426.269384670542
232,576,81.3970173852339,59.17212244728654,56.59291535752093,57.01973108235597,58.22715075451333,56.59179865673197,57.57357408991745,57.70293439617326,57.91648744621251,58.38980667048976,66.83523792385697
233,581,257.1916613599319,260.84495030201083,267.8220976532105,265.4896347973655,259.3763064419261,252.32374398080046,258.7525827548183,272.4873931395165,272.49895382959795,250.62502972435504,237.8095372533761
234,584,46936.36995232746,48448.276114884444,48833.86265196709,49100.522209638606,49323.34836078031,50096.40793641755,50388.52803540243,50894.174728566715,51345.47428255948,51649.71982903882,51664.78621230475
235,585,562.1436849119308,482.7733416660461,457.28344924693624,458.5253418636233,458.8213107310148,462.0992160437964,447.23436708237386,440.50661002208716,428.4707909270878,429.01511252974456,420.64115509317793
236,589,21.669698949203315,23.02024018216465,23.549520987619086,22.562426135896356,22.389380430393004,22.69516554501857,23.093938402805726,22.047089374515732,17.515031880230687,14.25004971449419,15.36640575650064
237,590,212.51648162852948,158.5810954319359,146.01250922779428,145.4083490830464,143.34074125917604,142.03142066719477,142.6587771396756,144.09056509290423,146.97509500739753,148.60324580002577,156.70097772737677
238,595,4.38446575203556,4.294929927452763,4.0263226256669995,4.115858679539484,4.206770671775336,4.296306553683868,4.570353698154309,4.93950853359397,4.93950853359397,4.93950853359397,4.93950853359397
