,gmw_fid_uid,2007_area_gain,2008_area_gain,2009_area_gain,2010_area_gain,2015_area_gain,2016_area_gain,2017_area_gain,2018_area_gain,2019_area_gain,2020_area_gain
0,40,0.0,0.0,0.0,0.04752522570872512,0.04752522570872512,0.04752522570872512,0.04752522570872512,0.04752522570872512,0.04752522570872512,0.04752522570872512
1,42,179.3867913248885,279.80020781694543,291.8414388030443,285.7398748730813,296.18126156716534,273.25425020652335,303.3501068640817,283.88634271089785,300.0761997084146,307.3634642951478
2,46,135.19074136837875,292.82184694468333,279.3313152094379,171.97055622679264,83.48971632217786,71.52475187610743,111.49105325608781,139.19684206057048,144.14141857344228,138.24158951616573
3,49,0.0,0.0,0.0,0.0,0.0,0.0,0.0,0.0,0.0,0.0
4,50,5.713885355051563,16.586793998318008,20.71666367203777,35.66987505970154,30.56167502588599,33.9939919735192,37.37820891164976,43.13361494163077,43.96849770842091,45.963674262504334
5,51,11532.451472695506,17168.529100902808,18138.540363007378,16527.305018658437,14788.882974561982,14006.629028872514,14859.376366379596,15710.166192402854,16202.728784603556,15910.43815469714
6,56,81.42878635059805,171.75672645139275,281.23814925891594,362.1881732692659,406.5321004585273,423.7443693720303,427.90247805204103,413.1527875564742,407.83481073590485,426.01561094441524
7,57,0.23795769067266495,0.33314154649305183,0.38073264470868257,0.38073264470868257,0.4283240130952636,0.4283228935313838,0.5710942191255577,0.47591229321458245,0.4283218515120423,0.4283218515120423
8,59,11338.686032836838,13310.84125486194,14099.554242023409,15138.121969863067,17464.564012367402,18661.978050384274,17964.275826627847,18956.38478624938,18901.821281472177,19713.682523351883
9,61,18.251926101874382,20.44151926269615,21.054313181002613,17.027090822998375,1.5756524348455119,0.7440671947871762,0.5689928696719171,0.7878281015421584,0.5689928696719171,1.3130368492824966
10,62,141.1429427235746,347.38049861043123,559.2287583207926,525.7622255150745,412.09422451598226,320.98642267233663,398.9670841959146,470.8753650589338,600.22900654365,683.9051549880182
11,66,351.427051732627,542.0543784297406,521.4991667143656,447.4739154365236,404.13429938771594,395.11347886911176,455.9793750646644,589.9202451568162,626.5379939680536,609.7598140088071
12,69,9042.888790582441,12667.180420905132,13313.812419833957,12888.394343162647,13287.481879133584,14779.34786871659,17492.199517713358,19125.3941399606,20660.97053249705,20873.79724565072
13,70,0.42677816678506936,0.8535500102546749,0.711294739837649,0.9483889094635466,0.4741929571065952,0.18967459511095858,0.1422549374228735,0.18967263972178472,0.426763605906169,0.9483790911558846
14,71,66.31614516850526,96.37229116050204,114.3089997855962,114.6485106890354,118.2845904469027,107.86183012528139,108.10422100691352,119.2542155462061,154.20674948195511,154.5946631061928
15,79,739.3122350132849,1177.2097520491282,1121.7697978174242,784.4332753930792,544.9363199661192,520.1918952391193,611.6762600635533,732.314886153908,896.7895959534438,973.0312554854085
16,80,122.90411810057856,205.58436395815534,222.74249978219922,210.53179989071748,163.42563865567507,143.21505763375757,141.71182030781938,152.57027035465848,164.34764374958866,174.1392416704046
17,81,1059.7461299013603,1436.5213280377325,1507.9501321556208,1665.929360006654,1805.0533419161075,1639.2821922745309,1499.9611544401796,1490.3453626776352,1714.9382216351787,1854.4512361003117
18,82,122.37482133850725,159.48864867330326,149.90736343778903,117.43804686348152,123.82575040456764,134.32661044889588,149.08490986443564,169.94040933942475,225.49132381611034,232.94350794046278
19,83,18.340878996624497,25.037257797311568,28.191485318892255,25.86323390655346,20.81728252066749,19.361758578784656,20.866022855859256,25.33031106526323,31.83256127974676,34.40452233520727
20,85,3052.840531819117,4556.256473832035,4708.142704788182,4712.925029343578,4548.516652932127,4410.8928312662365,4572.660628163084,5134.005953958536,5352.939389540662,4978.952474845779
21,86,0.47565340685318863,0.9037459597314847,1.046684582960746,0.8564814504385072,0.47593234940412293,0.47591720169381024,0.5233238774267264,0.7610720805586827,0.6659761197906211,0.2855836237670206
22,88,869.859643857628,1133.6442673222098,1236.5620647897904,1272.6106244972714,1304.377835862837,1320.6517037192436,1334.30904026895,1257.3507295604848,1155.2587133797324,1171.1406822783151
23,89,2643.9904085897056,3679.8124547602656,3864.135163984305,3705.7834711567843,3227.5912205393156,3115.632192310032,3305.6854079893797,3913.1570108847386,4472.103797979955,4626.21333166622
24,90,0.0,0.0,0.0,0.0,0.0,0.0,0.0,0.0,0.0,0.0
25,92,12.088453431489473,15.718073379776886,14.339531604937426,13.05201966989523,11.30516025425969,10.063965740162025,9.69660103730083,10.709246473291188,14.571245605966178,14.34191499651907
26,96,4.762571091397602,6.477946435805213,8.147322638335908,9.053208582659389,15.77533944029085,18.254806165003792,17.300888441726315,18.25348224029953,18.490461678421173,18.96717114782029
27,97,0.0,0.0,0.0,0.0,0.0,0.0,0.0,0.0,0.09380321910139763,0.14070482865209644
28,99,253.99979545190908,304.99076106757826,322.3373096104992,304.64961436682364,290.388119906626,278.3039592389658,272.42723427337444,282.6605417499735,286.97240436253867,294.3336137573024
29,101,2558.2600002089866,3967.7511316996834,3853.389029508989,3919.6786763628456,4454.554892457855,4718.3537886448785,4621.26570792414,4553.811870194975,5071.908369736671,5257.822402059415
30,102,21.50749448005021,32.819461195816714,36.93844326376571,39.11043272244758,45.18966751999274,46.07066184840249,51.55448569657,53.56568778492929,49.143640750137415,41.48366975857985
31,108,215.0553416541501,434.43755541527577,539.9335902728512,538.3097443804194,642.6409575535201,508.1223206691604,555.0132579259707,568.1845256490312,735.9118509591004,754.7738054796278
32,112,7.892222577550667,8.564210425570685,7.937957496310855,3.3147552897535224,0.7229410711813229,0.7229410711813229,0.7229410711813229,0.7229410711813229,5.26121873235711,5.3577655212308954
33,113,579.9952178277808,823.0577696276279,945.0588643801782,861.44279615752,707.2337653269487,580.0826380111475,631.6757351239182,700.4690848846853,812.8838804503205,839.7873363484671
34,117,983.0761186088919,1995.1885076581661,2344.8598167370274,2707.9169462805203,2851.3642819848283,2818.8219102826456,2701.0602624679705,2610.9006061017853,2686.8981759481358,2871.9272681813864
35,119,2338.072047017222,3135.7118393135215,3539.7257067940363,3294.518039398265,3073.2809957932477,2755.1548587670295,3052.413988572822,3238.1139258346543,3542.472301556027,3851.255397749341
36,120,24.630134438635274,32.8562599838283,40.661255079406345,38.37080328407056,29.863324055636433,28.647361371896626,28.694164784197422,29.95690080409207,36.826531809674165,43.22849239055708
37,121,1311.0905630849818,1737.315630770783,1820.6477842891918,1830.2544179568285,1705.3126401795603,1712.806019568965,1810.4123151950962,1982.2527726317282,1989.6028637717466,1964.2730761306966
38,122,4953.304320599524,5966.946414582541,5859.403204826916,6010.612146731593,6053.7277420935025,5827.478944346307,5858.221118492537,6141.809725971536,6257.47492118144,5904.308878986412
39,123,80.92923773638782,140.1676975150669,190.0200112003035,188.0258984970052,173.87292456787733,144.59410453898641,140.65445107424165,115.41161115435469,118.32940973967582,138.1730197194757
40,125,1.331411140824065,2.8059210801208327,2.900917316438955,3.0912821779563053,2.568373945577302,2.187807506135668,1.9023354734110294,2.140359394226729,2.996518445841304,3.567280807586695
41,127,330.0156498577662,529.2795536145894,606.0231653948194,522.8591547227272,437.6219901121689,451.46258956815194,485.4285053668802,539.4475552518193,662.3514573275774,766.4288680244038
42,128,4332.195844325655,5072.919624551794,5334.336732558135,5322.812561057576,3961.7583562843038,3814.4593638656816,3342.3570867991757,3040.3569853007366,2723.8037672500586,2645.1900031372757
43,129,0.0,0.0,0.0,0.0,0.2840804711297963,0.5681561482454291,0.37877341919725194,0.7102058116678338,1.0891044070920273,1.325912486353408
44,130,665.7775208495755,820.7010987521044,895.3027153103096,1017.5701364440778,1152.8380386917306,1301.037420802635,1328.9006428195962,1336.43367730229,1309.7442180210783,1381.1557188884217
45,132,2257.5748592807395,3166.167466863485,3402.704142494835,3079.558281265679,1643.3810230895845,1199.6947248596084,1343.7503250104555,1466.7887161960186,1417.185552707105,1421.4391333252875
46,134,150.7630745176199,180.14289876053658,187.78138719705444,185.6893235854032,181.4504870434808,183.4182805452519,188.5599393159513,224.48788150121766,252.95982355932324,258.1574657723233
47,136,14152.091258328008,20298.924858983868,21587.306460523578,21668.435544420216,22179.05192466602,22612.352562363572,23942.74459626682,26128.747314440596,27235.339482234896,26892.822606748192
48,138,11978.33932442281,14765.669292959114,16014.995050143707,16596.299974844995,18974.080464079598,20783.10212793717,21529.23130868833,22053.032982413988,22411.750958629502,22056.187635486036
49,140,160.59676817653735,231.1996424846953,244.79025499688927,244.55007301808521,300.0691378815062,275.688369012075,281.1280327085281,373.7622541053882,482.78584912873976,462.3069054593815
50,145,248.29697773948956,284.1212712153857,265.86110937609214,203.1870300224448,84.42622894862862,50.5025953576384,39.42416846654365,41.50662592359104,50.21664169436253,61.2009062519531
51,148,6.204170145008963,11.26243254110387,13.79521125391659,13.459669969150658,10.708067118619596,8.997721917126809,7.308252371578246,7.351736145147856,10.171180204672915,13.247779503268122
52,150,455.2158484391193,721.5534817197334,814.0854533413985,814.3572028012217,730.6421644208092,660.4290371570062,678.1588406894643,816.4563195786274,990.1536362677984,1070.8467489358218
53,152,112.27471866869766,237.22214964497124,227.07872954169565,241.88981706549987,235.70044126119444,255.22072286349905,258.81364911191224,255.33670290063395,339.5727024572294,492.58252095077717
54,154,1.6273390731074757,3.487107698221013,3.0221830988785445,3.06866037837664,2.0923006319620443,1.4413841823559586,1.162381858242877,1.0693879866230118,1.9994753911568361,2.371500301950009
55,159,316.094485368147,442.80975626206725,473.28916419887366,486.2903849942337,475.67185278241055,469.22783569702636,479.0357167737885,475.5278437855973,464.61705655266366,447.3663555759422
56,161,0.8038397458836768,1.0875468479884485,0.8984276004137183,0.8511427119859672,0.8984047490898458,0.7092064818355901,0.330934723874736,0.6618971275081129,1.0874536869822955,1.134714632749133
57,163,627.1955996241611,934.3520074450728,773.2948108142544,772.6542427582033,802.2211154875029,838.2260271191973,812.6980824994373,730.2270606694351,613.7699515664543,738.8851980396826
58,168,0.0,0.0,0.13890928317232057,0.13890928317232057,0.13890928317232057,0.13890928317232057,0.09260618878154701,0.04630309439077351,0.0,0.0
59,172,1878.7058812562539,2407.93126658458,2500.0394955344727,2513.6263500103023,2816.3857740976164,2988.3448770142872,3198.54812047804,3417.762949850718,3703.7365594773833,3898.98402682158
60,174,11176.02883727834,17191.498061200255,17031.64436765824,15993.959421227722,14343.457948480096,14391.15130221436,15613.708710130011,18121.95374324266,19508.420856734992,20509.318932709124
61,179,8549.976276569467,11570.803642333043,12654.12086056459,13068.889594307453,13644.120552708375,14168.766802095879,15302.396594039803,17098.49994556391,17530.106889014136,17347.887919420733
62,183,2898.6220598006284,4325.708456889126,4370.36017083393,4372.575936184914,4479.658002107168,4605.230170789951,4860.274410873322,5600.165047382181,5873.817983603489,5318.272962113824
63,184,17.905105454949844,23.09851642593063,23.288802229506118,22.87323894299657,32.79164249817484,31.431481299210105,29.936010417375083,27.971046051905414,35.69197021298817,51.5834756097979
64,186,12.348719657740002,26.769528471471645,31.2000861831505,29.12584668667925,27.146868414220013,19.84156383362133,21.302093138833385,25.02452990728517,38.925095630759344,45.99385001414088
65,187,3.107740279192531,3.4278230254372963,3.2449572081869666,3.6107162853466033,4.570515511120107,4.753246919155715,4.5252678414455385,4.937083994970301,6.0791024028837,6.718860374875447
66,189,3247.58007672824,4517.669612838959,4815.989052428176,4833.5516817542075,4851.460391426965,4729.096669549792,4860.342609284367,5319.662628280099,5850.795608570244,5813.693668390122
67,190,15.46955585787984,21.87590703287213,22.208938133092005,20.263842774359986,11.533131757399612,7.547160170347769,7.974020728617052,11.01135644111298,11.676111819638459,9.113640230082673
68,192,284.2517762519017,523.9973757724954,564.4636869052966,534.8844056224111,472.68665124286946,442.53560714302586,446.1637420391457,567.292479795265,823.1575735451919,1034.7176760759035
69,195,5940.409938485691,8185.593814381284,8305.906413240991,7392.404583107218,7137.893893276841,6238.636704809145,6808.339433414971,6175.35268739006,7038.018494902839,7773.880816803281
70,196,2111.8034284863325,2927.605568653278,3202.485279796211,2932.522990628814,1748.5950858705348,1353.15986608532,1566.2771092112707,1758.941277754046,1822.692492906935,1699.9964394423487
71,202,514.6005542992643,605.5137510259589,630.1845186356582,648.4289006956553,668.128043655794,638.7976445139677,642.9040114760858,643.9253615205928,652.4406246163894,629.050892989216
72,203,4.8323228504191515,8.322843964116663,11.486240089958619,12.973112721489432,10.594052124535171,8.675866620464479,4.669621417242688,2.3909939061211207,2.93358938852224,5.147906832411268
73,204,1522.4335022641917,2079.503412787499,2026.4925704484542,1913.9766079291044,2073.4556726915553,2789.1325499768336,3320.279394964909,3657.8994026008727,3253.2336641728543,2288.107661212918
74,205,1450.2448307427455,1871.9112626741137,1985.4872835622773,1994.7209784753236,1926.569695315719,1926.719635364308,1934.2729514495843,1901.310604904938,1782.1462664555083,1671.367266003104
75,207,119.1129359217174,181.70266937225392,176.60255924351384,172.4289281790858,166.45550938121625,215.2061451828093,255.26268491782682,295.8518497996666,312.6514918624191,290.99886585710675
76,208,3891.8265376778404,5765.030800701093,6030.830419526869,6026.056646193285,6144.977634935001,6330.670933976329,6546.4790931732805,7381.647545433307,8315.218075825025,8747.76523395669
77,209,20.64190518072878,28.362822987212958,25.914219159197604,24.85209780786318,22.872299606014487,20.21769661266555,26.827362186099073,32.953102599346906,34.73807356124681,33.436516173384746
78,210,3966.8114750535633,5190.631452004047,5474.976326875205,5481.957321681139,5728.208711676061,5760.218670885536,5930.577062528276,6246.5718311025885,6495.960031664081,6537.63194034789
79,212,378.93246466146354,515.2165168379502,430.3183139021752,378.98123817056177,318.8188968467119,303.6251985738692,299.9499137930598,278.82770050469026,217.34825525127417,209.9961704354685
80,216,0.23226256798307404,0.37154924728263933,0.32500456959739377,0.2785579652964818,0.3250314816450529,0.8819715172369766,1.299991977275036,1.62504502685926,3.8528178937202746,4.502784914977942
81,217,2.9428988784504737,8.171464249343288,6.240612030253235,5.845266481675484,3.866295878323534,5.0514275320048245,5.27006900701692,9.706371219065842,11.991155635610443,10.321756216985865
82,222,914.3112445141105,1223.2080119271352,1123.6325755616838,698.7953382932907,217.4227276565122,181.6904191154656,196.1862342141133,188.10622653378402,197.7565399400269,215.94173324776847
83,223,3.074889472184151,4.311374988398566,4.404867875618037,4.500805822266457,4.642179106719439,4.918823967994884,4.739212023542162,4.923862451609267,4.926202420770188,4.7905349908272115
84,224,3597.3016145318734,4355.502548714336,4433.301286883332,4262.392589512619,4057.960662163925,3915.280439391226,4006.188534448308,4151.102347056671,4111.102608937895,4063.3687845269674
85,225,1.7507345680779933,3.501479355983911,4.279588201098113,5.252244519100911,4.1823366549746295,2.1397934780520984,2.528838792287096,3.501493453221758,3.7932872409464444,3.3555834561859417
86,232,375.3411776062458,594.6782863923978,647.293752177708,600.1492636794347,528.9760863393825,478.1762564469763,471.38730118511893,564.326050857916,763.5855883474362,806.922463051982
87,233,1118.7085445501891,1547.8862872069162,1780.035566250687,1653.174901954362,1642.169091886625,1558.8542085842853,1736.4899246872287,1685.6222939599213,1421.3349547663122,1248.7239906284553
88,234,383.481346367809,650.8563069512338,655.7294257184523,535.5479862199788,312.5116781945435,234.96487246347067,362.02843320354697,375.10803913495556,308.3964980063871,350.32522269170215
89,236,15.63178302337009,26.265733292165415,29.410099400514248,31.120150048985295,30.466663495708804,31.65970545632899,32.957659942651134,32.65590085580538,34.56151429515826,36.61316252285454
90,241,1156.4286962906192,1460.6730689827125,1513.9075301649314,1609.7854972483212,1879.2662529194517,2077.978273034656,2009.5399932779246,2031.6000735815785,2097.456121667348,2279.512765197276
91,247,0.8242583462383289,0.8242583462383289,1.0666691725002229,0.8242587529996546,0.7757995877903542,0.43640726804694285,0.5818650044434261,0.581837724946829,0.678816434008692,0.6303320828445114
92,250,1.7894852428612835,2.079676635712162,2.2247597931031757,2.7083874765826437,2.466553694167838,2.708391846250297,2.6600255652187004,2.4665704111583153,3.2887724654969936,4.59463419611793
93,251,1405.3952205579394,2250.4391144080064,2277.9335229990115,2316.6525592370076,2266.1793016436677,2296.9170859813994,2589.9854071463988,2967.4873067405842,3663.6063775794537,4161.334334133759
94,255,38.05932825503174,46.38118426061438,45.70864320822524,45.71040686131137,51.53392690670889,49.368794570880496,54.132218532286316,54.61132387843341,54.75484973539775,51.48376894067318
95,256,7.496330445605383,18.70949364373393,25.228654785662116,27.261944761192986,32.94259612876074,34.27632787348,28.9591461420735,21.894310863932997,16.613372224779226,14.145316144058647
96,257,53.67103122002301,73.14228918608887,77.02110638880609,83.6245274638269,89.12754436970864,88.22045916294547,86.6435019841952,96.64431568594233,108.07861108676673,105.25795712307891
97,261,844.1719742136555,1257.253747413983,1330.762300198849,1274.991350931025,1183.7764836732958,1098.2143762142896,1136.7608256375588,1453.4729866928965,1683.916225104528,1678.1206596889656
98,265,4190.369031521808,6295.9106654263305,6889.136406744685,6142.683592822542,4725.65053804078,4040.1822251373596,3605.397109428577,3149.196786701986,3639.500592630334,4598.831686606569
99,268,0.3798732674632034,0.6171499657152201,1.1394111469695196,1.092028692167783,1.0445790524303928,0.6645272964775916,0.5695133448791034,0.8070031309492101,1.2817795323648258,1.851082460868771
100,269,1702.863090191244,2293.5893262241552,2352.806014282198,2284.6116906770844,2448.4952530329037,2498.9263429167395,2616.0127912097205,2860.5120848507277,3068.4502174606396,3144.228763139775
101,270,3.0010547015519116,4.524220209099653,6.370846873123245,8.263807556932985,8.909786107262269,10.154757420818765,12.598058344387688,12.874701455252245,10.798910437184468,13.567402648029718
102,271,5.60640357861792,9.684169802361065,11.213411709859837,13.580173118560989,19.51984740608257,16.69351540211021,17.80818296419165,15.578997654465525,18.131706915152105,19.709305820032583
103,272,2406.7923858157656,3522.866800663323,3718.601016891685,3574.49605096524,3560.6582626593513,3453.8796312015866,3683.2642198994154,3247.5245259976773,2952.2776201550005,3936.0304413662407
104,273,4.62388072671029,8.310457863160089,12.559538080279022,10.363180348251474,11.907065430046226,8.407019880391502,12.939093416514474,11.846359412828393,14.31533479489032,16.038469343289126
105,275,2.174438505792032,3.734396810099346,4.443424559419747,3.82928747926451,4.065729469320683,3.73465642085153,3.4982792147542896,2.6476099048461172,4.115794299640916,4.49416600129899
106,276,66.43661917280185,85.40801216754294,88.09262408066036,87.56724581963171,76.91469143174021,72.4618647020112,72.9755470253048,67.54758075766766,77.19906786552085,76.10951764047418
107,277,186.05141165718896,220.73742588095274,225.24565399753354,239.0717060482252,275.27718826061016,277.68997759925185,285.91688795190873,295.5856689518163,297.84624119259126,287.45270090799625
108,280,0.0925569699038436,0.0925569699038436,0.2313919071464267,0.5553404390787908,0.7867332664038353,0.647898041599058,0.4627846769465709,0.3239493946394882,0.18511434238407795,0.18511445740306723
109,281,12.32115719171085,20.884480568847252,20.973403996145862,13.904966471597668,9.960647380203712,10.275510320278624,10.501602329844136,10.458013601272546,12.586790912794243,17.614359351669442
110,282,0.540464080100785,1.0358723857673242,1.3061027639331768,1.351142220011897,0.7206079885738325,0.36030893925997515,0.2702354653339135,0.3152768986016453,0.3152768986016453,0.18015775365060271
111,284,22.340388668204287,33.487814135438484,33.97578556503822,39.63548986544987,36.47522133030694,20.472041987788764,14.127210269093581,10.699819750125215,7.760364067899341,9.037086867899463
112,288,13.013479263675107,20.027968488829305,19.495119864098143,19.881399920378797,26.26818584932415,26.268623987477405,29.993954719581623,27.623435136619907,26.075885532465197,24.188258885022677
113,289,1.9369380277624444,2.1306317309367895,0.9684684802425417,0.4842339910789107,0.3873871928631285,0.5326575236110196,0.6295044107762804,0.5326573812901507,0.4358107787552736,0.5810812162310426
114,290,1.485281889023239,4.176725228290392,5.615787676591782,5.662200712068004,4.316306557854821,3.3882102028179397,4.084222952019329,6.07975326716934,8.86423901508028,9.792809276096907
115,295,3548.814798790823,5299.559293978831,5518.446981431861,5286.195081753887,5014.723346758807,4886.5700446282235,5350.464034693361,5824.782990328875,5922.401692816603,5675.428996570686
116,298,99.24466795578553,199.89891826644632,284.40764595796253,266.2087610980417,240.41692126271167,200.16084322112715,254.9458734836625,285.659096897361,354.46965400297097,393.3034562782518
117,299,2.7201037569824247,4.652230876900475,5.310959771436235,3.3366769753578933,0.6149369305524139,0.17569860897931802,0.351393600145081,0.8784886223204839,0.7027929077153954,0.3070475614879615
118,300,1127.957211762736,1335.5537973088847,1294.911695958524,1269.694759068936,1442.8697392632685,1761.8422257126654,1845.3781476318873,2609.161305972113,2752.714199763177,3119.3361727815095
119,304,9293.810310536759,13187.304970318199,13978.8987678333,13617.47101892105,18273.88587961954,24467.894994752278,30032.65536889267,33830.36336115351,36008.6470684537,36115.202158460306
120,306,121.83225368715519,193.1817218503358,192.61194080503816,168.92233091996098,139.04771888599032,128.89762675279144,135.9245139790015,235.6040942597606,317.2978416159548,308.76135513515317
121,307,359.36620405934764,580.4571836217041,643.1416945907504,603.7304769882887,526.460083442192,481.9611985167152,470.4898291415923,566.8030790567598,762.9891782221489,821.0776160337352
122,308,12.45692995291395,18.27355190138339,21.95756113798197,20.8427224750929,22.83018820628162,22.58781837057309,23.799713353042875,26.853571476371872,36.35418255620877,41.24994969586183
123,310,670.4632918901489,988.8889588798808,1043.973040940814,1096.7788929233932,1471.269632042808,1756.3031669032048,1978.820966783185,2280.6699108514954,2490.6593890726713,2625.088748802921
124,311,19.704103197558158,36.15733564393611,34.24196095825533,37.73456743094251,61.29763802976974,80.12920297836365,107.18102994757321,127.92181741659648,148.65366190716213,155.20242479205476
125,312,276.49988215342,380.11330588279236,418.43581344934967,495.7528687065219,753.064183982757,847.1595391747019,873.3040438281821,921.8578235834922,964.0569819337296,897.9523522149933
126,315,30.858472860490334,41.240837955219874,23.35976108341129,22.494378172244943,32.92396948898019,39.6971127438992,41.47276575495468,40.75170476008306,51.33616023202982,73.40324793496539
127,327,39.72525335511089,58.78897237975704,58.498479636765325,52.20815654979709,47.85390002362906,47.563850069947115,55.11221797364202,58.11199703307429,71.5639012562633,73.9348750901863
128,330,1211.5000629789636,1779.6600165264035,1932.6747010263405,1929.4417634426277,1766.8288804405229,1750.064718365587,1822.5581738936335,2167.7685484736803,2484.671473691388,2508.5010743135654
129,332,0.0,0.0,0.0,0.0,0.0,0.04836065668854294,0.04836065668854294,0.0,0.14508184923630468,0.43524558798960905
130,341,31.838537452996736,50.458136932988374,49.51034387071514,40.65074073805134,21.509579259536903,15.019220065746769,24.541773290720926,25.442109264630794,20.89410755664469,20.089180942559494
131,343,0.0,0.43773344667370834,0.24318524695367952,0.24318524695367952,0.2918223798889694,0.24318530765618865,0.14591110603602542,0.14591110603602542,0.0486370329629803,0.0486370329629803
132,346,7.7718155766058885,10.705611624910793,9.263476010637088,1.678736404747272,0.04663632958700269,0.04663632958700269,0.04663632958700269,1.632195778969052,9.867941366483262,9.727861074018143
133,348,0.13917034869015477,0.13917034869015477,0.13917034869015477,0.04639006006444537,0.04639006006444537,0.04639006006444537,0.0,0.04639017239542914,0.2783878583848649,0.41755809474403593
134,351,1476.8545338062345,1917.3926300782591,2221.3681726749783,2487.490476489979,5079.7807048270915,6052.043596260527,6968.755924010973,7273.834081355349,7524.485658731477,8223.92792867569
135,353,18.53307373988826,27.25806019239085,32.889210100762,25.589344960704707,25.11934589360731,21.721535867038845,20.97529248213413,19.441794867473824,20.50320633824695,20.978515025596526
136,362,0.047443619891114196,0.047443619891114196,0.047443619891114196,0.0,0.0,0.0,0.0,0.0,0.0,0.0
137,363,2.669397362969976,3.050587781623901,3.2414610355388422,3.6703512563956417,5.721742770814779,7.3905464622799135,7.771858775276176,7.771539334733091,7.8192443152629645,8.009815265038444
138,364,105.16359640173212,159.30265076341544,171.70742215835313,153.80750890688086,135.71241446179928,115.96278941573152,119.95015315288084,135.85529424343093,161.05215812144,150.20603646426707
139,366,36.89517400731695,49.01975972867758,48.54597272326919,43.5719878831957,42.85990831318344,45.60608971903693,47.973949991998325,51.57304542945005,61.135930275804554,64.73368017784098
140,369,0.14521717613117102,0.1936228645432195,0.1936228645432195,0.1452171206843677,0.0,0.5324609272396662,0.9197047706821713,1.5973818202629442,2.37186954411178,3.049546649174828
141,375,0.7603843848575133,1.710926595010983,1.61587347116953,1.6636612928706453,1.1882429859326538,1.1408081442900118,0.8080368648999532,1.2840642237720703,1.4268155121516384,2.139559842345329
142,376,18.714747156454955,27.75759887806235,28.43638486732202,31.072764167341404,55.45291901658828,61.37480481180382,56.845550458053665,57.679735396436854,65.54163253901126,71.29980592739793
143,377,298.67345287722765,422.2473008255794,530.3718366935329,439.7823192523316,480.1310199538109,535.4246672906529,604.5525209303166,707.0657334661743,825.1347713787763,822.9173950191017
144,383,128.6537796673279,185.09550069931424,124.88882019185645,139.8704381764524,174.29240299205196,715.8207328617959,456.7994026682861,815.6453300661058,651.1826387680633,306.802266828016
145,385,14.352621870846779,23.349275367052662,29.2971094198737,37.19824488393996,59.39358716299897,63.34253736879579,64.29698264992999,86.21743096085105,120.23764598170717,119.58756511525957
146,390,2.0356964430080025,3.392852812554765,4.459177665094737,4.653101739368948,4.071420949242385,3.8775030831632344,4.071359898769689,5.137743387286768,5.234708518502152,4.313764810044984
147,403,23.102502818870732,27.654767755593614,27.8966935777887,28.71988710155082,26.153012872271514,25.909757894837213,28.47762849035211,28.52603849313839,25.329499134750826,22.32674451932556
148,407,328.10409602285745,503.06331679687173,628.2465408030522,707.1810751001989,876.1782295934288,1101.26334796318,1260.3482960356744,1459.7410318645877,1614.8659106535729,1756.5507298477382
149,408,1004.8117366268237,1396.4880084360796,1481.0624179748747,1564.6421609989138,1849.9491575674288,1977.1414661914541,2140.641627821249,2326.0557038765874,2582.386901985238,2612.0565456338613
150,412,4.344128494438042,5.624090507647792,5.761442274774388,5.624122516038795,6.309054533447692,5.89718879148323,5.623629602353985,5.7609515997854714,7.269555842582338,8.183804424432083
151,414,108.47164061746456,175.6498290495766,183.44390778629844,157.21014084325137,153.69849745478868,170.3443687708863,203.48736118805843,224.91884372635664,249.24017319110095,285.0591520958229
152,418,846.5699950241968,1210.088950192002,1264.6434472662245,1362.7691411842352,1608.6540844264673,1853.3035102833608,2017.5587523812744,2197.139982445252,2203.967932601261,2097.0390870377496
153,419,1.9744608989644363,2.778766893177104,2.510237415013484,2.5102387968786966,2.6929474233098105,3.1033986654294283,3.568835872006086,3.7574911282092285,4.354438445245654,4.489707133018262
154,426,4.578134583810129,9.66927205215703,16.95684831681157,17.751187536517868,19.5264467144816,14.530002442201795,18.034826655345398,13.541583633634971,14.986688539096168,13.865903323032938
155,429,1154.43297246793,1403.9318691892436,1488.5136509848494,1554.9751050350396,1617.8044088457664,1743.8583554404504,1807.3611870267928,1865.151353537275,1932.1261929676598,1968.2046242608242
156,431,169.51177719654686,266.4135025632753,310.1545935937871,333.9815533849044,353.92026743917484,389.9318907432536,412.7907106363705,417.88382883318263,390.1897338480417,383.4746087988673
157,434,0.19196479208414408,0.43188136304112973,0.2878948247855364,0.04797806926684847,0.0,0.0,0.0,0.0,0.04825378550497234,0.04825378550497234
158,436,32.513760163687905,56.15378565495863,66.14241132567562,60.835359729377416,49.78812489188124,46.99023217791963,64.79155065341675,70.67906521542969,51.676808896188874,44.19995415011303
159,437,127.90121286924813,170.17787820601598,146.67732611158183,127.08424201892213,101.85653928759234,125.28183125910033,173.1953689700631,176.8504343197724,135.86929636369513,82.01777297333967
160,438,645.017458332025,901.8556563506222,982.0126335151746,1004.2377834419698,1020.0908607258782,1022.1994335488473,1034.6317564396259,1008.612978600158,904.0557752017776,829.059723950742
161,439,4.0825252012364395,6.291948954536039,6.4840419921810835,7.73293287370864,15.994343725032673,17.003044008007997,15.754230350889374,14.74550924571929,17.435287083861436,18.107704805119585
162,441,1638.9175923446846,2425.09264049334,2533.876658178129,2600.6419418584856,2754.5909747847436,3023.1234212047384,3164.4593508818325,3644.066630609385,3940.566789541037,3935.3966274136815
163,447,1.2028028551618704,1.7319842306447626,2.0202714223876383,1.7796722846332127,2.5012086689730513,2.789409866499496,2.7413941864221893,2.981800259992993,3.318297823537931,3.1258277073224363
164,454,0.0,0.0,0.18599980362714902,0.18599980362714902,0.18599980362714902,0.13949988012347248,0.09299995661979585,0.09299995661979585,0.0,0.0
165,456,0.0,0.0,0.0,0.0,0.0,0.0,0.0,0.0,0.0,0.0
166,458,1084.9523969047605,1362.2001938665423,1204.2015739532108,601.8640990008622,137.16288204520765,95.76214415044197,104.86189655271929,98.78183656967416,112.93869285593273,122.01156230062682
167,460,0.14547020413835776,0.14547020413835776,0.04850845227923874,0.04850845227923874,0.04850845227923874,0.0,0.0,0.0,0.2909208082753504,0.2909208082753504
168,461,192.5430512317216,282.2363779493745,306.0209309226469,288.38751578979634,289.3538447188726,315.1483557653262,333.4471968748726,336.11116151454735,335.77578963764824,294.80980833775254
169,462,2.042572900239393,3.5987962448355524,5.155025766064256,4.8632570506731,3.647506518661724,2.772090069679877,3.6475088538839118,9.434776827148733,14.103483304981605,18.091280970992038
170,463,1112.763624861408,1533.9019013723128,1787.0392517293324,1969.6638865625428,3124.385288002764,3524.37598163822,3865.7451025124724,3732.6872815225242,3815.425717705034,4982.754938075626
171,465,31.87618043104313,43.59762914349019,48.03184921765482,49.71637114632761,49.10688315131359,50.98392897705083,52.029652167236385,55.83316277104493,56.451788792938565,57.58620988624186
172,467,0.6208183963885466,0.7043731940406677,0.7866380255676502,0.8701919587490032,1.034878484093884,0.9099928565387051,0.7440511636437,0.7030848608713449,0.7866372571531065,0.6621964695793947
173,475,0.0,0.0,0.0,0.0,0.044970291406200166,0.044970291406200166,0.044970291406200166,0.0,0.0,0.044970291406200166
174,477,3764.782160719186,5579.432315744836,6120.976515165104,7383.813356798433,9365.70629724679,9955.558737047377,9821.909013410726,9839.170006548398,10081.541152539015,10056.08421509048
175,479,377.87105275562084,519.000244475855,593.690393654595,691.2194975311581,903.7052674880905,1010.9555683500092,1062.1061420590072,1152.0518283120448,1264.0085767476257,1313.664403098512
176,483,6.045891762207193,13.322301649216435,15.015390569427167,12.18933204392615,14.507216155940169,18.40754414049939,19.615821595923087,20.96565645872476,16.37878581213201,5.7808255991748485
177,484,60.69572037972088,79.17602552420615,80.32617601542358,88.94473939686245,104.45321416075294,108.47466917816803,112.11360115167916,134.36524928459892,148.62283067245573,144.74522221659015
178,499,4.735315359164645,6.527883887870288,5.838353990728458,5.28691671493759,4.367474764589054,4.091519681069435,3.815627863286269,4.091586413721808,5.884602644914785,6.160252519341397
179,501,112.12167188644555,200.3443048853809,217.63758258833488,179.12059871605163,163.67686830264546,224.1445192425281,233.95911372977733,222.1519073505695,234.7317302470034,324.43487495887007
180,506,332.58716366519525,554.7693211857254,559.7089151166207,534.9333557584073,512.9608618062819,497.05237081150307,466.78073956545217,473.9859782389989,525.4451158842245,615.8131117353385
181,507,0.0,0.0,0.0,0.0,0.0,0.0,0.0,0.0,0.0,0.0
182,510,1.8640303305148367,2.773178148167677,3.4097167445470133,3.863890958916515,4.044705056750852,3.817527229642773,3.8173365290337604,3.9989384031967488,4.318362470816783,4.137310015552193
183,514,280.5655769384697,451.9128484047178,457.7418501575131,364.1030297759621,225.03508421885311,216.17315669049395,205.73537127146602,194.77898165677755,200.45788260797988,253.19429568678754
184,515,0.0,0.0,0.0,0.0,0.14215069171144928,0.2369173695164095,0.2369173695164095,0.4264516532298948,0.4264516532298948,0.6159859370096585
185,523,2.3621499450958794,3.7793631006882538,4.582364567591416,4.204476499168923,3.8736498497735736,3.0706029942809807,2.645569464089426,1.322936671995624,1.51203127127289,2.2680946616115385
186,529,1003.3653136772207,1450.4497019704054,1293.658934675049,928.2915953696335,768.0737452704791,812.448248776089,899.4478651156791,1049.5696158141043,1271.6367378578625,1245.4879494743304
187,530,542.586724939137,823.1645592105828,890.9564734399356,962.3400107906664,1296.2184069707273,1446.6588674527493,1524.1085937663606,1657.6488481047816,1687.86453342949,1403.580913441176
188,532,0.6181666682607443,1.0936821803538692,1.188783884531606,0.6657070159937144,0.23774804437789868,0.14265385564801666,0.42796148833795644,1.2364605226864065,1.1889099452188454,0.28533268529758815
189,533,74.64623141660947,110.7767494684114,117.00832867523258,116.98877557145468,132.18619557519577,141.18723383619346,150.53645807304193,146.14207370758754,146.67579729583443,160.34451732458325
190,536,11.944976007948078,16.68611092374325,19.582470434758676,18.47989832471695,16.502631833416864,15.080772784732774,14.343544050607111,16.321343393132523,18.94137555165333,22.34141081001437
191,537,25.343031672502132,51.90203843084017,52.72896006597817,43.53530064008675,31.034432767082233,15.906132232299939,23.543085125360356,20.332745448033602,38.28244959842468,59.63700262001775
192,538,195.83162553630322,319.5030178877605,352.198162982732,419.6948716175305,611.8921373795079,775.3622005607099,832.3556409601481,873.6656109822306,918.4209710650046,932.600433085946
193,539,46.11141461342845,67.81231654660996,73.30139897572339,81.78317510590468,88.85403871253547,99.01570700547506,105.51844068849698,109.88305268126437,97.58360780419852,86.4390231115118
194,540,97.23153012847668,196.2797720486989,249.45959232870973,266.4677127102235,313.1316464597127,244.95262531922666,226.68734421142136,213.74385509626475,296.3290106557078,342.4087586746749
195,541,32.1344798789279,65.94284438906615,82.05615476380503,91.62306752185549,84.03673363410377,67.1509754321108,75.94897575574433,118.6667422245016,207.8584220481919,245.8039447592754
196,543,1.94586903731681,3.08493795970553,3.797033473460501,3.9868759312590476,3.749575777562341,2.9428042426048417,2.753016752737666,3.2276122217455026,3.512380530292213,3.7972974918145006
197,544,243.73726075104113,282.1278338208265,265.92069157750456,231.16144179191986,297.24004566429034,431.65066224028214,478.73404272639146,492.2933574363988,527.6953047953672,638.7030774838825
198,545,35.53860968874266,42.03586802488565,44.29676927188763,46.96258448573279,54.63611615571215,57.89866565960081,58.20684456047127,63.866273837059786,67.8281137828948,67.50403402014037
199,546,227.62268845080172,381.99849939473984,389.88050961592614,348.6312195183507,236.83410031835575,204.75889911691388,244.20785968792043,277.03342755143535,310.07030851351254,334.8971296847165
200,548,1776.992543251651,2031.9131075391472,1944.7949427338417,1784.8579969584034,1581.8141167612443,1671.5867016861318,1656.8561061503685,1685.18444006142,1743.7702011697295,1680.3327550162674
201,549,9700.166229231632,13797.978551246148,15045.026183012784,16377.896034546264,20111.216170970984,22907.633758073564,24745.639878697613,27095.822830532452,28751.815433285345,28968.252496389654
202,551,117.80591265725772,146.77090278379148,144.05629256901346,101.92620759700988,44.352053898115585,25.993487745233768,21.35344457089461,25.244232679144623,31.31216037696215,33.860359049597236
203,552,5.361372344693978,8.68467698891622,8.997547690975887,8.729290110989485,8.810578106316994,8.056431004236533,6.719230712930299,7.609698957077747,11.4786861978084,13.038195643416135
204,553,156.53483422118916,261.1466777335089,289.4337309578765,293.1499293079004,285.58527381953394,281.64570093372055,306.257822619576,387.6020366179625,474.857812227664,519.5931114705263
205,555,1265.2409004147078,1624.6891604964853,1765.2160136355465,1906.3786722096995,2191.1381648257375,2410.528282234609,2631.897269802038,2936.9478125595515,3091.805612994942,3178.4957599613776
206,557,129.36893098357817,216.5159670168547,237.75656772099862,205.63051582228877,179.87038592206443,166.93091169101976,182.66794664550622,183.88002602401298,203.02919524822312,211.57354546908803
207,560,4.052196887924254,4.100183909567962,3.617527541683056,0.4325305951065701,0.14461583660448898,0.14461583660448898,0.14461583660448898,0.14461583660448898,9.65623433410751,10.235683944277792
208,561,815.5477363043657,1078.078710329321,1090.0232932110107,1098.6733726779162,1453.2219474418962,1717.007941354889,1917.423957285629,2080.6135766183625,2241.7348519231364,2279.1999090428503
209,562,75.87983411332783,129.4748740360494,174.57772257214705,194.10548356284926,247.4275928167733,288.7903189621793,319.7548576082935,342.80530942400435,336.2578349786096,318.121880246192
210,563,410.7782690136765,576.8812184621734,597.7163620989706,623.382988390294,691.0158688360547,706.1848560706351,735.6225691696577,785.3295109001537,808.9378829320709,796.9153759025778
211,564,4.128984049030127,5.623185812751305,3.7816875926697486,3.3004463480413575,3.9087514724150934,8.621439937637726,11.805747620489289,22.822890820196776,24.978084727421567,26.47888858628137
212,567,17.86803186520662,23.79673821652679,25.450493772658888,25.071605399131762,23.69740711416073,32.76105377096867,35.23155769237971,38.68979529669999,38.07112372592022,39.30905708286706
213,573,3.951364732916969,5.887847324203493,5.842821686982443,6.256267282049471,6.258016455036001,6.352261628524184,6.76380022459504,6.627552004844665,6.5851385372811615,6.354373300396261
214,575,537.8957468879313,1034.1628377011311,909.5131256468077,581.1580779070657,254.3351339292883,194.71699726862465,278.1750376462827,340.015606277472,344.5655106282893,343.59595963473953
215,576,0.0,0.0,0.0,0.0,0.0,0.0,0.0,0.0,0.0,0.0
216,581,10.93651853041316,23.262664153514564,23.447555077302773,18.95260781271226,14.688634077768265,20.80383519572365,30.627450294075008,29.42435293082669,13.438918370100302,10.379565309278135
217,584,2871.085734891548,3675.7699823375874,3935.225022641889,4139.590427608406,4953.905947460266,5370.61769317104,5842.490745854799,6199.907636189718,6491.429276264542,6616.5591138775635
218,585,20.920342447892804,33.14584527810738,34.97612818196525,37.22658957950827,38.59307864119592,32.507059093771794,31.149366056645697,26.99054368378823,26.569440807064097,25.115067676243044
219,589,4.01297907235843,5.789484700752848,5.835773060326201,4.976817923247345,6.7844148934045005,7.443788218759748,6.82324787565426,3.5856076230859033,0.9294204569409971,0.9291091807825292
220,590,0.915222222805166,1.4326736071016168,1.3890040542936237,1.3029897997524231,1.3473268184570901,1.0892863906914727,1.2641552741290663,1.3057996793545632,1.306499091420201,1.0893780725805917
221,595,0.0,0.0,0.0,0.04614428057359373,0.04614428057359373,0.23072193463330956,0.5998767700729696,0.5998767700729696,0.5998767700729696,0.5998767700729696
